time,FWI,tasmax,pr,sfcWind,scenario,h2o
1850,16.750234658597158,301.7136,5.553327,3.1231697,Historical to Present (1850-2015),0.016440617
1851,18.50938192120635,301.7965,5.6966095,3.0514343,Historical to Present (1850-2015),0.01641254
1852,18.850576973708172,301.7253,5.536259,3.1350358,Historical to Present (1850-2015),0.016383762
1853,19.509428125583465,301.75195,5.5085216,3.1063595,Historical to Present (1850-2015),0.016377607
1854,19.30948807900579,301.8614,5.41463,3.0860193,Historical to Present (1850-2015),0.016350113
1855,18.620146664940936,301.77722,5.7486243,3.1268842,Historical to Present (1850-2015),0.016412228
1856,17.648718672399763,301.65073,5.6558185,3.0857399,Historical to Present (1850-2015),0.016388353
1857,18.429148986761646,301.64536,5.584106,3.1134446,Historical to Present (1850-2015),0.01632625
1858,18.329918170203165,301.6425,5.501973,3.0723355,Historical to Present (1850-2015),0.016408984
1859,19.85695532370229,301.90125,5.482934,3.1182172,Historical to Present (1850-2015),0.016433092
1860,18.48563935777595,301.75583,5.4912124,3.1214914,Historical to Present (1850-2015),0.016406666
1861,16.345761538795966,301.4971,6.0140038,3.0971234,Historical to Present (1850-2015),0.016381204
1862,16.427720848741345,301.59424,5.7812886,3.059728,Historical to Present (1850-2015),0.016405212
1863,17.20814773322555,301.68564,5.7342076,3.0819228,Historical to Present (1850-2015),0.0164006
1864,18.505933220392883,301.628,5.7408466,3.107584,Historical to Present (1850-2015),0.016409324
1865,18.814617442886373,301.72458,5.5596766,3.1243718,Historical to Present (1850-2015),0.016382711
1866,19.446254743823186,301.66324,5.6971483,3.110344,Historical to Present (1850-2015),0.016396053
1867,17.940224384225328,301.63858,5.541606,3.0801227,Historical to Present (1850-2015),0.016409928
1868,18.15238085642566,301.6945,5.716885,3.11526,Historical to Present (1850-2015),0.01644746
1869,17.73163384567965,301.76517,5.802722,3.0651567,Historical to Present (1850-2015),0.016377132
1870,16.84389168131461,301.38675,5.7463446,3.131401,Historical to Present (1850-2015),0.016391149
1871,17.914600878252166,301.74072,5.4814353,3.1032028,Historical to Present (1850-2015),0.016424445
1872,19.008526252636262,301.83432,5.491462,3.085056,Historical to Present (1850-2015),0.016408287
1873,19.522757931605657,301.80405,5.5223436,3.1267931,Historical to Present (1850-2015),0.016377158
1874,20.45926128300912,301.87717,5.6110845,3.1383018,Historical to Present (1850-2015),0.016418438
1875,17.670036210965552,301.71988,5.5916204,3.1002014,Historical to Present (1850-2015),0.016410777
1876,17.589412223417643,301.68683,5.7065606,3.0971057,Historical to Present (1850-2015),0.016425824
1877,18.048002072416715,301.72858,5.67531,3.1069572,Historical to Present (1850-2015),0.016410826
1878,18.121041734732014,301.77026,5.418173,3.097584,Historical to Present (1850-2015),0.016383534
1879,18.35254492698651,301.72058,5.7326503,3.094878,Historical to Present (1850-2015),0.016359149
1880,16.966828347503796,301.7427,5.6583543,3.1054485,Historical to Present (1850-2015),0.01641904
1881,18.51081775593997,301.79526,5.643529,3.0656583,Historical to Present (1850-2015),0.01643428
1882,19.36689519106449,301.9553,5.638652,3.0518181,Historical to Present (1850-2015),0.01648439
1883,18.23961062929527,301.5466,5.631495,3.137598,Historical to Present (1850-2015),0.016335513
1884,18.58579047777701,301.18478,5.3727365,3.0992463,Historical to Present (1850-2015),0.01602477
1885,19.216709733626057,301.64676,5.660276,3.075855,Historical to Present (1850-2015),0.016204065
1886,16.93116436562793,301.39957,5.5930552,3.0513003,Historical to Present (1850-2015),0.016269017
1887,17.676566010329996,301.6368,5.853547,3.0950801,Historical to Present (1850-2015),0.01633527
1888,18.89244311308084,301.78757,5.7409825,3.1048486,Historical to Present (1850-2015),0.01637738
1889,18.62335959450216,301.72018,5.492201,3.1208732,Historical to Present (1850-2015),0.016358575
1890,18.672191193916746,301.62357,5.7205124,3.109297,Historical to Present (1850-2015),0.016399778
1891,18.14481142454319,301.82184,5.768131,3.053552,Historical to Present (1850-2015),0.016422061
1892,16.318693380824765,301.5851,5.78445,3.068654,Historical to Present (1850-2015),0.016400898
1893,17.975641628371683,301.81918,5.552811,3.0200207,Historical to Present (1850-2015),0.016365731
1894,17.202958924041365,301.5205,5.7419643,3.1547806,Historical to Present (1850-2015),0.016382378
1895,19.231068084202306,301.87427,5.7281384,3.1168792,Historical to Present (1850-2015),0.016447028
1896,16.668087566733103,301.6692,5.6920342,3.0612402,Historical to Present (1850-2015),0.016464317
1897,17.68903509020282,301.74673,5.703413,3.1043112,Historical to Present (1850-2015),0.016430127
1898,17.73548111749529,301.7996,5.8349657,3.0812368,Historical to Present (1850-2015),0.01636455
1899,16.518036440676173,301.5674,5.690288,3.1015985,Historical to Present (1850-2015),0.016379721
1900,17.75639149321211,301.7411,5.519642,3.0760624,Historical to Present (1850-2015),0.016425518
1901,19.288734947633433,301.9006,5.4073486,3.101082,Historical to Present (1850-2015),0.016489664
1902,18.20137252944113,301.719,5.723551,3.0969722,Historical to Present (1850-2015),0.016421447
1903,19.246957116629712,301.57788,5.3590717,3.1197405,Historical to Present (1850-2015),0.016203115
1904,18.433283678867756,301.6867,5.4641933,3.118839,Historical to Present (1850-2015),0.016332045
1905,19.591127227039888,301.85825,5.3995047,3.0922697,Historical to Present (1850-2015),0.016350359
1906,19.19148256299116,301.88403,5.5453615,3.1059618,Historical to Present (1850-2015),0.0163873
1907,18.426894359536707,301.5828,6.001753,3.10027,Historical to Present (1850-2015),0.016447058
1908,17.58358018561482,301.68698,5.728025,3.0419073,Historical to Present (1850-2015),0.016398137
1909,17.539205951466034,301.68484,5.6418047,3.0846977,Historical to Present (1850-2015),0.01642373
1910,17.925403942461312,301.79163,5.834982,3.1050813,Historical to Present (1850-2015),0.016454091
1911,18.383681043414505,301.7152,5.6598854,3.0898588,Historical to Present (1850-2015),0.01641393
1912,18.15135783463193,301.6063,5.6350536,3.1374676,Historical to Present (1850-2015),0.016391583
1913,18.4627011507668,301.81052,5.48309,3.06085,Historical to Present (1850-2015),0.016345108
1914,19.69501928912972,301.81036,5.4221525,3.0791304,Historical to Present (1850-2015),0.016377654
1915,19.730550274092174,301.9094,5.335702,3.1045997,Historical to Present (1850-2015),0.01638016
1916,18.35063100879273,301.80093,5.8105316,3.0663297,Historical to Present (1850-2015),0.016397886
1917,16.792552857372396,301.60043,5.6324244,3.1096058,Historical to Present (1850-2015),0.016479323
1918,18.93853929982561,301.79538,5.682403,3.088793,Historical to Present (1850-2015),0.016509466
1919,18.10402572932429,301.8302,5.717612,3.0949688,Historical to Present (1850-2015),0.016420143
1920,17.70938692119736,301.7451,5.569423,3.1104424,Historical to Present (1850-2015),0.016460521
1921,18.663848587809667,301.9902,5.5021234,3.081104,Historical to Present (1850-2015),0.01646789
1922,18.20638821463162,301.84323,5.7095847,3.080581,Historical to Present (1850-2015),0.016478762
1923,18.508324808436125,301.80148,5.7855387,3.1229165,Historical to Present (1850-2015),0.016475119
1924,17.345910383607094,301.66318,5.6224985,3.0650356,Historical to Present (1850-2015),0.016476879
1925,17.818988534367403,301.72897,5.5628753,3.1300786,Historical to Present (1850-2015),0.016482545
1926,18.346460957991898,301.8518,5.7445045,3.0978954,Historical to Present (1850-2015),0.01648662
1927,16.416616920812135,301.68076,5.59705,3.0684454,Historical to Present (1850-2015),0.016448515
1928,18.457526343720698,301.98865,5.757857,3.0725994,Historical to Present (1850-2015),0.016532743
1929,18.357870553245395,301.93823,5.5123568,3.1074278,Historical to Present (1850-2015),0.016479632
1930,18.310506835513973,301.83157,5.6466074,3.0927591,Historical to Present (1850-2015),0.016538113
1931,18.05056761335047,301.83475,5.5984063,3.1393898,Historical to Present (1850-2015),0.016545959
1932,19.025478401598615,301.9746,5.548936,3.0934973,Historical to Present (1850-2015),0.016530914
1933,19.31055271638571,301.884,5.5704236,3.106941,Historical to Present (1850-2015),0.01649531
1934,16.816841164454583,301.64474,5.554083,3.1146061,Historical to Present (1850-2015),0.016475521
1935,18.33538242978631,301.73788,5.6193676,3.1216156,Historical to Present (1850-2015),0.016502613
1936,19.469459150318304,301.96976,5.540573,3.112705,Historical to Present (1850-2015),0.016519649
1937,18.65930642280512,301.87653,5.7911296,3.1209228,Historical to Present (1850-2015),0.016541092
1938,18.51300292814361,301.82047,5.625032,3.1198776,Historical to Present (1850-2015),0.016572898
1939,17.867704095406463,301.84705,5.614421,3.0545685,Historical to Present (1850-2015),0.016560048
1940,18.45400683409768,301.86813,5.5940423,3.0851047,Historical to Present (1850-2015),0.016556285
1941,18.443022354467303,301.77597,5.758672,3.1154594,Historical to Present (1850-2015),0.016528552
1942,17.067970083171843,301.77185,5.671442,3.0577462,Historical to Present (1850-2015),0.016512686
1943,17.781687923948244,301.67374,5.612975,3.1159613,Historical to Present (1850-2015),0.016532132
1944,19.346305846843133,302.00232,5.495021,3.0707226,Historical to Present (1850-2015),0.016551401
1945,18.837673975089086,301.8383,5.587127,3.0965862,Historical to Present (1850-2015),0.01654174
1946,18.894570762087515,301.84598,5.410965,3.118912,Historical to Present (1850-2015),0.016516743
1947,20.200147007738693,302.0048,5.4402647,3.119593,Historical to Present (1850-2015),0.016546145
1948,19.02870958816175,301.93106,5.841798,3.0687459,Historical to Present (1850-2015),0.016580647
1949,17.0953157984442,301.7163,5.5619926,3.08072,Historical to Present (1850-2015),0.016509483
1950,17.88419725965799,301.81717,5.6864853,3.1155937,Historical to Present (1850-2015),0.016539866
1951,18.853469714744886,301.98837,5.566574,3.097707,Historical to Present (1850-2015),0.016615817
1952,19.43307240496149,302.0566,5.52793,3.091912,Historical to Present (1850-2015),0.01658668
1953,17.570350574888174,301.74472,5.678948,3.0935895,Historical to Present (1850-2015),0.016537065
1954,18.323603092090792,301.79575,5.640525,3.1062086,Historical to Present (1850-2015),0.016557014
1955,18.426785045903262,301.8374,5.630722,3.1271875,Historical to Present (1850-2015),0.016576702
1956,18.453441454298613,301.88318,5.464601,3.105182,Historical to Present (1850-2015),0.016566684
1957,17.698224489112757,301.684,5.4217515,3.1584167,Historical to Present (1850-2015),0.016529255
1958,19.479819752732187,302.01913,5.454622,3.1346939,Historical to Present (1850-2015),0.016591089
1959,19.01221656863281,301.98474,5.469745,3.0854685,Historical to Present (1850-2015),0.016558468
1960,20.087304794415587,302.00192,5.4002852,3.1258173,Historical to Present (1850-2015),0.016581243
1961,19.453126525175275,301.8491,5.5323963,3.1404011,Historical to Present (1850-2015),0.016574841
1962,18.830794377187424,301.86438,5.6164947,3.0535657,Historical to Present (1850-2015),0.016545778
1963,18.215172069961596,301.60925,5.6345844,3.112191,Historical to Present (1850-2015),0.016370313
1964,17.61820809724389,301.42212,5.482532,3.1266596,Historical to Present (1850-2015),0.016306276
1965,18.141801013069944,301.5451,5.393937,3.1145716,Historical to Present (1850-2015),0.016348938
1966,20.203524393375506,301.887,5.5712533,3.0378716,Historical to Present (1850-2015),0.01643244
1967,19.4420378634972,301.74777,5.3983154,3.1109085,Historical to Present (1850-2015),0.01644389
1968,19.133111679874236,301.78525,5.4502287,3.0866842,Historical to Present (1850-2015),0.016444169
1969,20.01736095732019,301.84518,5.443317,3.1028125,Historical to Present (1850-2015),0.016492045
1970,19.95007566409696,301.9811,5.282541,3.0885918,Historical to Present (1850-2015),0.016484214
1971,20.386895521146965,301.88254,5.560113,3.1270838,Historical to Present (1850-2015),0.016480137
1972,19.186566879153993,301.56808,5.4012876,3.0928068,Historical to Present (1850-2015),0.01644847
1973,20.53322129895515,301.84085,5.3255377,3.097371,Historical to Present (1850-2015),0.016494885
1974,18.66882936978416,301.8033,5.510825,3.0953817,Historical to Present (1850-2015),0.016462082
1975,19.674580357433012,301.82584,5.1680155,3.111605,Historical to Present (1850-2015),0.016433455
1976,19.56124258962089,301.70444,5.2048273,3.125741,Historical to Present (1850-2015),0.016445866
1977,18.98683124994906,301.73297,5.5477047,3.0743768,Historical to Present (1850-2015),0.016457835
1978,18.522826962577557,301.84906,5.406004,3.1214173,Historical to Present (1850-2015),0.016505068
1979,20.464750231676238,301.85678,5.5672374,3.1534386,Historical to Present (1850-2015),0.016599918
1980,20.809522641152242,301.90445,5.3425927,3.1448898,Historical to Present (1850-2015),0.01658541
1981,20.586128406905804,301.8932,5.129482,3.166214,Historical to Present (1850-2015),0.016598709
1982,21.091996198793733,301.99414,5.2847376,3.1016445,Historical to Present (1850-2015),0.016637718
1983,19.712570113814074,301.95996,5.033323,3.0964062,Historical to Present (1850-2015),0.016605461
1984,20.271870163270375,301.92297,5.400236,3.1085443,Historical to Present (1850-2015),0.016705777
1985,21.032331081928223,302.13828,5.1467524,3.1052904,Historical to Present (1850-2015),0.016704302
1986,19.230473091890257,301.89685,5.4278045,3.1053731,Historical to Present (1850-2015),0.016712762
1987,19.839842389497225,302.0214,5.232566,3.1319911,Historical to Present (1850-2015),0.016819827
1988,20.40799171299562,302.13013,5.102277,3.0970385,Historical to Present (1850-2015),0.016773982
1989,20.644007439198752,302.03775,5.0956864,3.1060665,Historical to Present (1850-2015),0.016798101
1990,21.1503124695771,302.0156,5.1883936,3.1418674,Historical to Present (1850-2015),0.016834632
1991,20.984402117066896,302.0649,4.8802357,3.1467488,Historical to Present (1850-2015),0.016808076
1992,22.570999351633542,301.97852,4.808529,3.0997212,Historical to Present (1850-2015),0.016625479
1993,20.727881208327705,301.84277,5.138482,3.111942,Historical to Present (1850-2015),0.016613191
1994,19.6736928228463,301.746,5.096566,3.1026137,Historical to Present (1850-2015),0.01675229
1995,21.62282657701927,302.2206,4.825171,3.0638,Historical to Present (1850-2015),0.016793923
1996,21.41296086860234,302.02167,5.0682716,3.0604765,Historical to Present (1850-2015),0.016801313
1997,20.946438896383786,301.9475,4.748743,3.1377728,Historical to Present (1850-2015),0.016843285
1998,21.94292864844832,302.1013,5.402885,3.134257,Historical to Present (1850-2015),0.016975077
1999,20.67967586445999,302.24277,5.209821,3.0608962,Historical to Present (1850-2015),0.016968528
2000,18.677819198259094,301.99335,5.223205,3.1000664,Historical to Present (1850-2015),0.0169562
2001,20.604148085503738,302.1498,5.3001556,3.1498024,Historical to Present (1850-2015),0.01699162
2002,20.73034698042241,302.4069,5.1052704,3.1013508,Historical to Present (1850-2015),0.017011167
2003,21.422236686284734,302.13757,5.0931997,3.1539202,Historical to Present (1850-2015),0.01708732
2004,22.145596840742765,302.2866,5.3282833,3.0918849,Historical to Present (1850-2015),0.017111706
2005,20.34131776385424,302.09058,5.369208,3.07928,Historical to Present (1850-2015),0.017104022
2006,20.987410552048974,302.2206,4.993737,3.1170394,Historical to Present (1850-2015),0.017058149
2007,19.59330914083048,301.98416,5.212946,3.11247,Historical to Present (1850-2015),0.017073365
2008,21.428652642445936,302.1935,5.01052,3.13648,Historical to Present (1850-2015),0.017059436
2009,21.84775771834082,302.334,4.94411,3.147811,Historical to Present (1850-2015),0.017088091
2010,20.36801540922089,302.13272,5.2285886,3.0719054,Historical to Present (1850-2015),0.017126491
2011,21.326603352777735,302.22055,5.004045,3.1387365,Historical to Present (1850-2015),0.017174555
2012,20.14218872820436,302.22656,5.3698235,3.1190166,Historical to Present (1850-2015),0.017224303
2013,20.689913957170088,302.37628,5.0620637,3.1090028,Historical to Present (1850-2015),0.01722689
2014,19.28716454535136,302.22272,5.2414203,3.0919101,Historical to Present (1850-2015),0.01720169
2015,18.273984225338786,302.1982,5.337668,3.120435,"SSP1-1.9 (""Sustainability - Very Low Emissions"")",0.01741098
2016,18.50414606482883,302.85,5.6860375,3.0163348,"SSP1-1.9 (""Sustainability - Very Low Emissions"")",0.01729265
2017,16.787779545224357,302.00906,4.9558234,3.0667098,"SSP1-1.9 (""Sustainability - Very Low Emissions"")",0.016987456
2018,20.28919159299306,302.00296,4.4981627,3.2994225,"SSP1-1.9 (""Sustainability - Very Low Emissions"")",0.01706216
2019,27.389391115552577,303.2306,4.65763,3.1512432,"SSP1-1.9 (""Sustainability - Very Low Emissions"")",0.017306857
2020,23.33106504338698,302.98074,5.554347,3.155979,"SSP1-1.9 (""Sustainability - Very Low Emissions"")",0.017295817
2021,17.661706733846724,301.93686,5.8702865,3.1198485,"SSP1-1.9 (""Sustainability - Very Low Emissions"")",0.01750204
2022,22.212054552414784,302.67734,5.6578407,3.1190214,"SSP1-1.9 (""Sustainability - Very Low Emissions"")",0.017512633
2023,19.94811417449254,302.4608,6.2101536,2.9957762,"SSP1-1.9 (""Sustainability - Very Low Emissions"")",0.017520238
2024,14.231002043465443,302.51212,5.610177,2.9439633,"SSP1-1.9 (""Sustainability - Very Low Emissions"")",0.017520621
2025,16.142275893524275,302.3718,5.715763,3.032507,"SSP1-1.9 (""Sustainability - Very Low Emissions"")",0.017525924
2026,21.52681311515453,302.92795,6.193006,3.1386788,"SSP1-1.9 (""Sustainability - Very Low Emissions"")",0.017390309
2027,17.92038209624502,302.60104,5.14351,3.131853,"SSP1-1.9 (""Sustainability - Very Low Emissions"")",0.017702464
2028,22.35890511776842,303.15817,5.355224,2.9863884,"SSP1-1.9 (""Sustainability - Very Low Emissions"")",0.017487546
2029,22.24218033493808,302.44678,5.9959064,3.2160962,"SSP1-1.9 (""Sustainability - Very Low Emissions"")",0.017682176
2030,21.672422755337305,303.49353,4.897155,3.0683146,"SSP1-1.9 (""Sustainability - Very Low Emissions"")",0.017710835
2031,23.745627713905503,302.7626,5.72852,3.3216126,"SSP1-1.9 (""Sustainability - Very Low Emissions"")",0.01783084
2032,18.376510814003712,302.9503,5.6944604,3.1009312,"SSP1-1.9 (""Sustainability - Very Low Emissions"")",0.01764582
2033,20.99227125299861,302.7164,5.114259,3.2353013,"SSP1-1.9 (""Sustainability - Very Low Emissions"")",0.017749155
2034,26.40126498992546,303.76706,5.0176907,3.1998794,"SSP1-1.9 (""Sustainability - Very Low Emissions"")",0.017867655
2035,20.642585599049678,303.30032,5.8532295,3.1688087,"SSP1-1.9 (""Sustainability - Very Low Emissions"")",0.017932763
2036,24.10502995991536,302.8495,5.701281,3.1729362,"SSP1-1.9 (""Sustainability - Very Low Emissions"")",0.01784581
2037,25.531338427226178,303.52658,5.586335,3.0696259,"SSP1-1.9 (""Sustainability - Very Low Emissions"")",0.017913809
2038,20.58165634286605,303.01398,5.4866486,3.2324207,"SSP1-1.9 (""Sustainability - Very Low Emissions"")",0.017754994
2039,16.54677604715307,302.53827,5.6552644,3.150183,"SSP1-1.9 (""Sustainability - Very Low Emissions"")",0.017717399
2040,19.672109075740718,303.03918,5.2489934,3.246625,"SSP1-1.9 (""Sustainability - Very Low Emissions"")",0.01765442
2041,23.889048879797777,303.6495,5.10234,3.0817478,"SSP1-1.9 (""Sustainability - Very Low Emissions"")",0.017679742
2042,18.13334806370746,302.99692,5.614537,3.1831152,"SSP1-1.9 (""Sustainability - Very Low Emissions"")",0.017790662
2043,24.547223891819208,303.26453,5.125827,3.232071,"SSP1-1.9 (""Sustainability - Very Low Emissions"")",0.017828336
2044,29.04732424261015,303.94894,5.5975337,3.1185143,"SSP1-1.9 (""Sustainability - Very Low Emissions"")",0.017865172
2045,17.804400111578296,302.95163,6.0372033,3.148557,"SSP1-1.9 (""Sustainability - Very Low Emissions"")",0.017975748
2046,24.543249748653075,303.8034,5.554566,3.0235832,"SSP1-1.9 (""Sustainability - Very Low Emissions"")",0.017762033
2047,23.43918571873168,303.229,5.3334174,3.3039372,"SSP1-1.9 (""Sustainability - Very Low Emissions"")",0.017666092
2048,20.714767388741468,303.24966,4.925569,3.0735734,"SSP1-1.9 (""Sustainability - Very Low Emissions"")",0.017773787
2049,31.687066889483123,304.15063,4.862211,3.2913654,"SSP1-1.9 (""Sustainability - Very Low Emissions"")",0.01783632
2050,22.007680002248218,303.1329,5.4088583,3.2263286,"SSP1-1.9 (""Sustainability - Very Low Emissions"")",0.017792353
2051,24.56927353650799,303.3246,5.975555,3.0940154,"SSP1-1.9 (""Sustainability - Very Low Emissions"")",0.017712157
2052,20.401709370529215,303.49307,5.515302,2.9241066,"SSP1-1.9 (""Sustainability - Very Low Emissions"")",0.017801208
2053,27.342346383270495,303.27737,5.2475038,3.1452606,"SSP1-1.9 (""Sustainability - Very Low Emissions"")",0.017671347
2054,22.861545292612302,303.0616,5.5197983,3.298664,"SSP1-1.9 (""Sustainability - Very Low Emissions"")",0.017912315
2055,23.15431478191415,303.21017,5.4998455,3.052727,"SSP1-1.9 (""Sustainability - Very Low Emissions"")",0.017635657
2056,18.29013629434303,302.25055,5.8581,3.2247858,"SSP1-1.9 (""Sustainability - Very Low Emissions"")",0.017650736
2057,21.071761922053454,302.45462,5.2097235,3.3782024,"SSP1-1.9 (""Sustainability - Very Low Emissions"")",0.017669022
2058,22.068565515529,303.20377,5.7955837,3.1242397,"SSP1-1.9 (""Sustainability - Very Low Emissions"")",0.017555635
2059,19.63018155844722,302.79898,5.4046907,3.1027546,"SSP1-1.9 (""Sustainability - Very Low Emissions"")",0.017649963
2060,20.770342601722987,303.00638,5.5376415,3.1813965,"SSP1-1.9 (""Sustainability - Very Low Emissions"")",0.017516889
2061,24.389123620680383,303.5052,5.805944,3.1509607,"SSP1-1.9 (""Sustainability - Very Low Emissions"")",0.017537503
2062,19.802070149085772,303.06152,5.748105,3.1731224,"SSP1-1.9 (""Sustainability - Very Low Emissions"")",0.017714238
2063,25.497796214133654,303.60263,5.338047,3.1581001,"SSP1-1.9 (""Sustainability - Very Low Emissions"")",0.01757548
2064,22.402894277879895,302.72726,5.071973,3.3298054,"SSP1-1.9 (""Sustainability - Very Low Emissions"")",0.017556913
2065,30.69606413733305,303.83347,4.891083,3.2423363,"SSP1-1.9 (""Sustainability - Very Low Emissions"")",0.017666759
2066,23.450825846211558,303.63022,5.762115,3.037505,"SSP1-1.9 (""Sustainability - Very Low Emissions"")",0.01780901
2067,16.2471706374876,302.63538,5.6496787,3.046424,"SSP1-1.9 (""Sustainability - Very Low Emissions"")",0.017597599
2068,21.067164154464827,303.12198,6.1921215,3.2196743,"SSP1-1.9 (""Sustainability - Very Low Emissions"")",0.01752461
2069,21.786796194773196,302.7159,5.0410795,3.2342157,"SSP1-1.9 (""Sustainability - Very Low Emissions"")",0.01745177
2070,22.62255621755473,302.94592,5.4198766,3.3087444,"SSP1-1.9 (""Sustainability - Very Low Emissions"")",0.017486643
2071,20.52679091495362,302.78458,5.4061117,3.132325,"SSP1-1.9 (""Sustainability - Very Low Emissions"")",0.017528616
2072,22.358301323843264,302.93524,5.5390873,3.1571455,"SSP1-1.9 (""Sustainability - Very Low Emissions"")",0.017574245
2073,23.000471221562478,303.54776,5.2825627,3.146715,"SSP1-1.9 (""Sustainability - Very Low Emissions"")",0.017683325
2074,20.84234645428834,303.37207,5.7619257,3.1288407,"SSP1-1.9 (""Sustainability - Very Low Emissions"")",0.017631328
2075,20.622919091375564,303.24197,5.55003,3.066331,"SSP1-1.9 (""Sustainability - Very Low Emissions"")",0.017547064
2076,15.77599405551536,302.26187,6.2198668,3.191162,"SSP1-1.9 (""Sustainability - Very Low Emissions"")",0.017496452
2077,20.971920769846523,303.51236,5.6997232,3.1508262,"SSP1-1.9 (""Sustainability - Very Low Emissions"")",0.017649041
2078,21.2986103281918,303.60062,5.0912385,3.294906,"SSP1-1.9 (""Sustainability - Very Low Emissions"")",0.017564105
2079,19.848882051950955,302.8069,5.6928086,3.1473076,"SSP1-1.9 (""Sustainability - Very Low Emissions"")",0.017521461
2080,18.064447878080458,302.85672,5.9158454,3.1750228,"SSP1-1.9 (""Sustainability - Very Low Emissions"")",0.017635265
2081,21.780208418913674,303.6093,4.839214,3.1097915,"SSP1-1.9 (""Sustainability - Very Low Emissions"")",0.017551772
2082,18.11771739718719,302.74902,6.021527,3.2083032,"SSP1-1.9 (""Sustainability - Very Low Emissions"")",0.017461028
2083,23.419908474530978,303.06577,5.7488723,3.1744897,"SSP1-1.9 (""Sustainability - Very Low Emissions"")",0.01774576
2084,26.12416225783866,303.83994,5.0062604,3.2145164,"SSP1-1.9 (""Sustainability - Very Low Emissions"")",0.017529521
2085,27.027210316623563,303.0225,5.637167,3.305713,"SSP1-1.9 (""Sustainability - Very Low Emissions"")",0.017589184
2086,14.842394216832776,302.88382,6.20847,3.0958192,"SSP1-1.9 (""Sustainability - Very Low Emissions"")",0.01760889
2087,16.612211116388742,303.01868,5.1552095,3.1230545,"SSP1-1.9 (""Sustainability - Very Low Emissions"")",0.01747664
2088,22.26855767087774,302.99896,5.5880523,3.1493456,"SSP1-1.9 (""Sustainability - Very Low Emissions"")",0.017517107
2089,23.451890150544124,303.6782,5.0677695,3.1504815,"SSP1-1.9 (""Sustainability - Very Low Emissions"")",0.017610237
2090,19.00643112976895,303.35828,5.5414624,3.0303586,"SSP1-1.9 (""Sustainability - Very Low Emissions"")",0.017635558
2091,20.012589883463544,303.54602,5.867298,3.0846126,"SSP1-1.9 (""Sustainability - Very Low Emissions"")",0.01753722
2092,17.780799744325883,303.07846,4.7770214,3.356096,"SSP1-1.9 (""Sustainability - Very Low Emissions"")",0.017333796
2093,27.70050896382884,303.02426,4.9652047,3.23036,"SSP1-1.9 (""Sustainability - Very Low Emissions"")",0.017513262
2094,24.80121798637032,303.8067,4.7223053,3.2966378,"SSP1-1.9 (""Sustainability - Very Low Emissions"")",0.017597286
2095,17.638047022840404,302.8887,5.806255,3.027129,"SSP1-1.9 (""Sustainability - Very Low Emissions"")",0.017581329
2096,19.67552112119388,302.91818,5.592568,3.1766186,"SSP1-1.9 (""Sustainability - Very Low Emissions"")",0.017519683
2097,20.47763503867622,302.94885,5.015357,3.3086147,"SSP1-1.9 (""Sustainability - Very Low Emissions"")",0.01748882
2098,25.457135201240035,303.45584,5.59753,3.2988625,"SSP1-1.9 (""Sustainability - Very Low Emissions"")",0.017516842
2099,20.62806579614375,302.74927,5.3141503,3.253785,"SSP1-1.9 (""Sustainability - Very Low Emissions"")",0.01766172
2100,22.659827924408546,303.74036,4.804594,3.154545,"SSP1-1.9 (""Sustainability - Very Low Emissions"")",0.017544443
2015,19.39032056583388,302.0374,5.045426,3.1398096,"SSP1-2.6 (""Sustainability - Low Emissions with Strong Mitigation"")",0.017203186
2016,24.072232680998578,302.68408,5.254069,3.1142979,"SSP1-2.6 (""Sustainability - Low Emissions with Strong Mitigation"")",0.017232414
2017,19.644167659300916,302.33237,5.080853,3.0984862,"SSP1-2.6 (""Sustainability - Low Emissions with Strong Mitigation"")",0.017234784
2018,22.10426934308051,302.44354,5.2207417,3.0948517,"SSP1-2.6 (""Sustainability - Low Emissions with Strong Mitigation"")",0.017309507
2019,20.291196277180937,302.59174,5.423932,3.0707161,"SSP1-2.6 (""Sustainability - Low Emissions with Strong Mitigation"")",0.017356778
2020,21.664363736375666,302.48358,4.930545,3.1029541,"SSP1-2.6 (""Sustainability - Low Emissions with Strong Mitigation"")",0.017409958
2021,22.834444063864254,302.71594,5.293303,3.146141,"SSP1-2.6 (""Sustainability - Low Emissions with Strong Mitigation"")",0.017356826
2022,20.792595534391847,302.34174,5.1455855,3.1656513,"SSP1-2.6 (""Sustainability - Low Emissions with Strong Mitigation"")",0.017422108
2023,20.543094825726772,302.63785,5.170155,3.1505013,"SSP1-2.6 (""Sustainability - Low Emissions with Strong Mitigation"")",0.017484099
2024,20.293029809460137,302.69223,5.1594534,3.0963955,"SSP1-2.6 (""Sustainability - Low Emissions with Strong Mitigation"")",0.017575653
2025,24.43152560780363,303.21042,5.2456994,3.1923943,"SSP1-2.6 (""Sustainability - Low Emissions with Strong Mitigation"")",0.017618604
2026,20.136609503343465,302.71426,5.1273937,3.155403,"SSP1-2.6 (""Sustainability - Low Emissions with Strong Mitigation"")",0.017583175
2027,22.20277012836087,302.56375,5.4133034,3.205515,"SSP1-2.6 (""Sustainability - Low Emissions with Strong Mitigation"")",0.017593985
2028,24.05464203000922,302.95938,5.3127155,3.1703558,"SSP1-2.6 (""Sustainability - Low Emissions with Strong Mitigation"")",0.017595734
2029,21.798314705335212,302.92755,5.3446507,3.1144419,"SSP1-2.6 (""Sustainability - Low Emissions with Strong Mitigation"")",0.017581223
2030,21.384733282725453,303.10663,5.6642466,3.125991,"SSP1-2.6 (""Sustainability - Low Emissions with Strong Mitigation"")",0.017627653
2031,18.96078443914932,302.95963,5.5380793,3.122702,"SSP1-2.6 (""Sustainability - Low Emissions with Strong Mitigation"")",0.017652337
2032,21.143868888856737,303.22238,5.3469644,3.1230958,"SSP1-2.6 (""Sustainability - Low Emissions with Strong Mitigation"")",0.017723164
2033,20.91999060549821,302.75098,5.70943,3.1687934,"SSP1-2.6 (""Sustainability - Low Emissions with Strong Mitigation"")",0.017721647
2034,21.91915687053034,303.23184,5.3633027,3.0409453,"SSP1-2.6 (""Sustainability - Low Emissions with Strong Mitigation"")",0.017697033
2035,19.44384012256911,302.82587,5.5440683,3.1412096,"SSP1-2.6 (""Sustainability - Low Emissions with Strong Mitigation"")",0.017679028
2036,21.181804191595557,303.11926,5.299214,3.166459,"SSP1-2.6 (""Sustainability - Low Emissions with Strong Mitigation"")",0.017850693
2037,24.16552770958146,303.60953,5.1814065,3.1517,"SSP1-2.6 (""Sustainability - Low Emissions with Strong Mitigation"")",0.017825238
2038,21.623121090619232,303.03098,5.780493,3.1201048,"SSP1-2.6 (""Sustainability - Low Emissions with Strong Mitigation"")",0.01783995
2039,23.171757838478378,303.38052,5.4268885,3.1111593,"SSP1-2.6 (""Sustainability - Low Emissions with Strong Mitigation"")",0.017808432
2040,21.96002663999466,303.35153,5.4404283,3.1536846,"SSP1-2.6 (""Sustainability - Low Emissions with Strong Mitigation"")",0.01781882
2041,23.246835406508048,303.1588,5.256851,3.1634557,"SSP1-2.6 (""Sustainability - Low Emissions with Strong Mitigation"")",0.01786606
2042,24.518677776084626,303.40076,5.2135553,3.2092743,"SSP1-2.6 (""Sustainability - Low Emissions with Strong Mitigation"")",0.017756326
2043,20.83959152009279,303.08606,5.574277,3.069844,"SSP1-2.6 (""Sustainability - Low Emissions with Strong Mitigation"")",0.01771688
2044,19.762799718487003,302.97415,5.565904,3.1890888,"SSP1-2.6 (""Sustainability - Low Emissions with Strong Mitigation"")",0.01781177
2045,23.821955462413534,303.18887,5.58694,3.1231174,"SSP1-2.6 (""Sustainability - Low Emissions with Strong Mitigation"")",0.01774768
2046,19.582768703134736,302.85,5.258637,3.2090588,"SSP1-2.6 (""Sustainability - Low Emissions with Strong Mitigation"")",0.017770108
2047,22.946063361356657,303.30765,5.677692,3.203667,"SSP1-2.6 (""Sustainability - Low Emissions with Strong Mitigation"")",0.017855505
2048,22.600072432384092,303.53885,5.9563813,3.0763748,"SSP1-2.6 (""Sustainability - Low Emissions with Strong Mitigation"")",0.017890785
2049,20.101428420417584,303.08707,5.490341,3.1474333,"SSP1-2.6 (""Sustainability - Low Emissions with Strong Mitigation"")",0.017891781
2050,21.537959433221058,303.16476,5.7217674,3.1750572,"SSP1-2.6 (""Sustainability - Low Emissions with Strong Mitigation"")",0.01793762
2051,22.04527869918352,303.33145,5.383565,3.1807654,"SSP1-2.6 (""Sustainability - Low Emissions with Strong Mitigation"")",0.017816927
2052,20.65061097771713,303.1348,5.272202,3.113581,"SSP1-2.6 (""Sustainability - Low Emissions with Strong Mitigation"")",0.017865747
2053,22.402447216935485,303.42102,5.3383265,3.2169874,"SSP1-2.6 (""Sustainability - Low Emissions with Strong Mitigation"")",0.017933441
2054,23.405853791375453,303.31735,5.6937776,3.225996,"SSP1-2.6 (""Sustainability - Low Emissions with Strong Mitigation"")",0.01790734
2055,21.278522296980356,303.16006,5.357344,3.1627464,"SSP1-2.6 (""Sustainability - Low Emissions with Strong Mitigation"")",0.017904507
2056,24.140307552651137,303.4244,5.615553,3.1501071,"SSP1-2.6 (""Sustainability - Low Emissions with Strong Mitigation"")",0.017893143
2057,19.427046174447458,303.03702,5.564462,3.1755126,"SSP1-2.6 (""Sustainability - Low Emissions with Strong Mitigation"")",0.017897096
2058,21.984374709396,303.45456,5.598249,3.1675918,"SSP1-2.6 (""Sustainability - Low Emissions with Strong Mitigation"")",0.017831404
2059,19.435510744547965,302.92856,5.4981065,3.1365426,"SSP1-2.6 (""Sustainability - Low Emissions with Strong Mitigation"")",0.017800098
2060,20.49866504552709,303.0784,5.584796,3.1478758,"SSP1-2.6 (""Sustainability - Low Emissions with Strong Mitigation"")",0.01790214
2061,22.280689325036878,303.535,5.493033,3.1726818,"SSP1-2.6 (""Sustainability - Low Emissions with Strong Mitigation"")",0.017961917
2062,21.26651724603642,303.39835,5.621683,3.1332245,"SSP1-2.6 (""Sustainability - Low Emissions with Strong Mitigation"")",0.0179821
2063,21.00132621799081,303.18192,5.405932,3.1087353,"SSP1-2.6 (""Sustainability - Low Emissions with Strong Mitigation"")",0.017842583
2064,21.072254142161388,303.05292,5.6933155,3.207928,"SSP1-2.6 (""Sustainability - Low Emissions with Strong Mitigation"")",0.017906373
2065,22.444780816394946,303.49567,5.313943,3.160734,"SSP1-2.6 (""Sustainability - Low Emissions with Strong Mitigation"")",0.017963802
2066,23.830892408086484,303.6922,5.4576097,3.164581,"SSP1-2.6 (""Sustainability - Low Emissions with Strong Mitigation"")",0.017993988
2067,21.681704320509663,303.4749,5.7851934,3.1116855,"SSP1-2.6 (""Sustainability - Low Emissions with Strong Mitigation"")",0.01788396
2068,22.821195856072585,303.19785,5.5893197,3.2480657,"SSP1-2.6 (""Sustainability - Low Emissions with Strong Mitigation"")",0.0179333
2069,23.488502847587593,303.5964,5.5220323,3.1269643,"SSP1-2.6 (""Sustainability - Low Emissions with Strong Mitigation"")",0.017933458
2070,20.846913787775154,303.33334,5.5731993,3.204991,"SSP1-2.6 (""Sustainability - Low Emissions with Strong Mitigation"")",0.017857436
2071,20.82382885209953,303.2787,5.719918,3.2068555,"SSP1-2.6 (""Sustainability - Low Emissions with Strong Mitigation"")",0.01794948
2072,22.812818119873036,303.68,5.5454326,3.1791255,"SSP1-2.6 (""Sustainability - Low Emissions with Strong Mitigation"")",0.017894592
2073,20.839898697993796,303.09344,5.612729,3.1931295,"SSP1-2.6 (""Sustainability - Low Emissions with Strong Mitigation"")",0.0179007
2074,24.01625388673773,303.58963,5.6562667,3.1268263,"SSP1-2.6 (""Sustainability - Low Emissions with Strong Mitigation"")",0.01791777
2075,19.719236717754647,303.1328,5.8246193,3.1394374,"SSP1-2.6 (""Sustainability - Low Emissions with Strong Mitigation"")",0.017951393
2076,22.112907865215263,303.54074,5.3211565,3.184178,"SSP1-2.6 (""Sustainability - Low Emissions with Strong Mitigation"")",0.017930742
2077,22.48273243578648,303.5583,5.2524133,3.1854908,"SSP1-2.6 (""Sustainability - Low Emissions with Strong Mitigation"")",0.017932879
2078,23.487004684448593,303.53683,5.544458,3.146516,"SSP1-2.6 (""Sustainability - Low Emissions with Strong Mitigation"")",0.017986821
2079,22.35806297106281,303.44745,5.409474,3.1720705,"SSP1-2.6 (""Sustainability - Low Emissions with Strong Mitigation"")",0.017912654
2080,21.553333912457344,303.15402,5.541584,3.1990452,"SSP1-2.6 (""Sustainability - Low Emissions with Strong Mitigation"")",0.017914928
2081,23.165337668514617,303.35037,5.7208076,3.1514866,"SSP1-2.6 (""Sustainability - Low Emissions with Strong Mitigation"")",0.017846156
2082,23.69064309719322,303.58258,5.2757077,3.2051842,"SSP1-2.6 (""Sustainability - Low Emissions with Strong Mitigation"")",0.01790961
2083,23.32494904095977,303.4183,5.5193467,3.2256396,"SSP1-2.6 (""Sustainability - Low Emissions with Strong Mitigation"")",0.0179016
2084,23.709773171174557,303.69217,5.4814277,3.1779788,"SSP1-2.6 (""Sustainability - Low Emissions with Strong Mitigation"")",0.017954852
2085,22.720863665888338,303.43475,5.3033056,3.1747983,"SSP1-2.6 (""Sustainability - Low Emissions with Strong Mitigation"")",0.017958537
2086,24.051629355490086,303.46655,5.193719,3.2124226,"SSP1-2.6 (""Sustainability - Low Emissions with Strong Mitigation"")",0.017808605
2087,22.903943651593913,303.23294,5.3968644,3.2258308,"SSP1-2.6 (""Sustainability - Low Emissions with Strong Mitigation"")",0.017835507
2088,24.611204781071937,303.70676,5.388259,3.172493,"SSP1-2.6 (""Sustainability - Low Emissions with Strong Mitigation"")",0.01777665
2089,22.69004279880084,303.2184,5.5160017,3.1845493,"SSP1-2.6 (""Sustainability - Low Emissions with Strong Mitigation"")",0.017771572
2090,22.056085527195627,303.34732,5.422923,3.1564538,"SSP1-2.6 (""Sustainability - Low Emissions with Strong Mitigation"")",0.01778603
2091,23.09461021394732,303.42905,5.289392,3.1950614,"SSP1-2.6 (""Sustainability - Low Emissions with Strong Mitigation"")",0.01780534
2092,22.99285489376694,303.35596,5.6849804,3.169133,"SSP1-2.6 (""Sustainability - Low Emissions with Strong Mitigation"")",0.017773999
2093,21.712253681333678,303.52463,5.2505145,3.1453857,"SSP1-2.6 (""Sustainability - Low Emissions with Strong Mitigation"")",0.017807582
2094,22.78800478461247,303.22507,5.8113413,3.1655786,"SSP1-2.6 (""Sustainability - Low Emissions with Strong Mitigation"")",0.017785262
2095,24.392748052905254,303.43008,5.358033,3.1838987,"SSP1-2.6 (""Sustainability - Low Emissions with Strong Mitigation"")",0.017809406
2096,23.752099815234452,303.40805,5.491024,3.1995394,"SSP1-2.6 (""Sustainability - Low Emissions with Strong Mitigation"")",0.017836837
2097,24.577955319156537,303.6525,5.137728,3.1572685,"SSP1-2.6 (""Sustainability - Low Emissions with Strong Mitigation"")",0.017750317
2098,22.1733784016745,303.17276,5.36442,3.2089596,"SSP1-2.6 (""Sustainability - Low Emissions with Strong Mitigation"")",0.017708395
2099,21.653706882119646,303.44022,5.4161415,3.156871,"SSP1-2.6 (""Sustainability - Low Emissions with Strong Mitigation"")",0.0177469
2100,24.453930062353294,303.45444,5.2256107,3.195672,"SSP1-2.6 (""Sustainability - Low Emissions with Strong Mitigation"")",0.017742606
2015,18.8281968735895,302.22925,5.2253737,3.1771278,"SSP2-4.5 (""Middle of the Road - Moderate Emissions"")",0.01724639
2016,20.858141323382178,302.66428,5.159047,3.1128597,"SSP2-4.5 (""Middle of the Road - Moderate Emissions"")",0.017349996
2017,21.566809156930766,302.66882,5.062239,3.0967143,"SSP2-4.5 (""Middle of the Road - Moderate Emissions"")",0.01731988
2018,20.209393347871263,302.2548,5.3172646,3.1330278,"SSP2-4.5 (""Middle of the Road - Moderate Emissions"")",0.0172614
2019,21.1903911741426,302.52493,5.20406,3.1135778,"SSP2-4.5 (""Middle of the Road - Moderate Emissions"")",0.017288804
2020,19.96626559796518,302.58646,5.2056913,3.1090062,"SSP2-4.5 (""Middle of the Road - Moderate Emissions"")",0.017388912
2021,22.992851751869193,302.68863,4.822331,3.2111263,"SSP2-4.5 (""Middle of the Road - Moderate Emissions"")",0.01744312
2022,22.732140065794116,302.951,5.4174113,3.1387608,"SSP2-4.5 (""Middle of the Road - Moderate Emissions"")",0.017522223
2023,20.911519230544975,302.53275,5.052995,3.1575596,"SSP2-4.5 (""Middle of the Road - Moderate Emissions"")",0.017562095
2024,22.26487452962006,302.77475,5.1118684,3.1803796,"SSP2-4.5 (""Middle of the Road - Moderate Emissions"")",0.017561905
2025,18.644514191506453,302.25366,5.3962045,3.1324263,"SSP2-4.5 (""Middle of the Road - Moderate Emissions"")",0.017587053
2026,20.321252468090044,302.81827,5.204142,3.0344515,"SSP2-4.5 (""Middle of the Road - Moderate Emissions"")",0.017556764
2027,21.181603361785548,302.7499,5.245362,3.1224241,"SSP2-4.5 (""Middle of the Road - Moderate Emissions"")",0.017547661
2028,22.33075122145292,302.80228,5.4668484,3.1229513,"SSP2-4.5 (""Middle of the Road - Moderate Emissions"")",0.017677207
2029,24.91758788772948,303.2486,5.0679636,3.1015184,"SSP2-4.5 (""Middle of the Road - Moderate Emissions"")",0.017635334
2030,20.652617966144216,302.63028,5.181963,3.1564395,"SSP2-4.5 (""Middle of the Road - Moderate Emissions"")",0.017576186
2031,21.808959295712345,302.7197,4.9871325,3.194893,"SSP2-4.5 (""Middle of the Road - Moderate Emissions"")",0.017650008
2032,22.038619926958415,303.1466,5.3450055,3.138712,"SSP2-4.5 (""Middle of the Road - Moderate Emissions"")",0.017777676
2033,20.087927907977615,302.94464,5.3091087,3.0498526,"SSP2-4.5 (""Middle of the Road - Moderate Emissions"")",0.017718598
2034,20.014825540152856,302.79437,5.2395425,3.0624428,"SSP2-4.5 (""Middle of the Road - Moderate Emissions"")",0.017724192
2035,22.179121835343462,303.15347,5.2183704,3.103792,"SSP2-4.5 (""Middle of the Road - Moderate Emissions"")",0.017778859
2036,22.17922657569764,302.98553,5.3564353,3.1356013,"SSP2-4.5 (""Middle of the Road - Moderate Emissions"")",0.017890805
2037,21.228192532973047,303.13412,5.592645,3.1194713,"SSP2-4.5 (""Middle of the Road - Moderate Emissions"")",0.017881323
2038,19.851368789174607,302.87582,5.4079947,3.1405935,"SSP2-4.5 (""Middle of the Road - Moderate Emissions"")",0.017944934
2039,19.443091655857916,303.01877,5.407556,3.1063728,"SSP2-4.5 (""Middle of the Road - Moderate Emissions"")",0.017920807
2040,19.954281416262116,302.74014,5.461452,3.0828762,"SSP2-4.5 (""Middle of the Road - Moderate Emissions"")",0.017843615
2041,20.305899665834414,302.7841,5.5269294,3.1228132,"SSP2-4.5 (""Middle of the Road - Moderate Emissions"")",0.01777317
2042,20.40270880896274,302.79263,5.595704,3.1522534,"SSP2-4.5 (""Middle of the Road - Moderate Emissions"")",0.017853647
2043,20.16104202586001,303.0311,4.9572625,3.1417904,"SSP2-4.5 (""Middle of the Road - Moderate Emissions"")",0.017831333
2044,22.673151895497895,303.376,5.453133,3.1810882,"SSP2-4.5 (""Middle of the Road - Moderate Emissions"")",0.018015876
2045,23.027524153707628,303.3068,5.4984593,3.2079756,"SSP2-4.5 (""Middle of the Road - Moderate Emissions"")",0.018068131
2046,20.547607194116125,303.09995,5.5876527,3.09078,"SSP2-4.5 (""Middle of the Road - Moderate Emissions"")",0.018064415
2047,20.404440079042757,303.12628,5.007437,3.2369049,"SSP2-4.5 (""Middle of the Road - Moderate Emissions"")",0.018054767
2048,25.082417100631588,303.6431,5.4109845,3.2022877,"SSP2-4.5 (""Middle of the Road - Moderate Emissions"")",0.018168036
2049,24.172130698264112,303.58932,5.4182057,3.1372585,"SSP2-4.5 (""Middle of the Road - Moderate Emissions"")",0.018098542
2050,20.89468531221741,302.94193,5.674454,3.161109,"SSP2-4.5 (""Middle of the Road - Moderate Emissions"")",0.018116409
2051,21.639330111313008,303.40677,5.4360013,3.1426628,"SSP2-4.5 (""Middle of the Road - Moderate Emissions"")",0.018212317
2052,22.666652079950847,303.71942,5.2778087,3.1724615,"SSP2-4.5 (""Middle of the Road - Moderate Emissions"")",0.01821079
2053,21.797507093312824,303.42813,5.39986,3.0450633,"SSP2-4.5 (""Middle of the Road - Moderate Emissions"")",0.018101593
2054,21.546411506148644,303.45822,5.4861946,3.1902866,"SSP2-4.5 (""Middle of the Road - Moderate Emissions"")",0.018217217
2055,22.925438244525964,303.70007,5.6436133,3.1187096,"SSP2-4.5 (""Middle of the Road - Moderate Emissions"")",0.018305847
2056,23.505832093823386,303.6233,5.2132425,3.1687763,"SSP2-4.5 (""Middle of the Road - Moderate Emissions"")",0.018271133
2057,23.731322658239094,303.76044,5.259313,3.1328247,"SSP2-4.5 (""Middle of the Road - Moderate Emissions"")",0.018256027
2058,23.10895319627718,303.6594,5.449312,3.185992,"SSP2-4.5 (""Middle of the Road - Moderate Emissions"")",0.018293742
2059,24.288946549231433,303.72568,5.5272965,3.2137756,"SSP2-4.5 (""Middle of the Road - Moderate Emissions"")",0.018350901
2060,26.148184522314466,303.92972,5.3590617,3.2361288,"SSP2-4.5 (""Middle of the Road - Moderate Emissions"")",0.018400863
2061,22.37515774984721,303.83823,5.2405376,3.1518643,"SSP2-4.5 (""Middle of the Road - Moderate Emissions"")",0.0183727
2062,24.29060576802336,303.84265,5.1704473,3.2388203,"SSP2-4.5 (""Middle of the Road - Moderate Emissions"")",0.018318629
2063,21.737295405391336,303.7189,5.285301,3.1120253,"SSP2-4.5 (""Middle of the Road - Moderate Emissions"")",0.018310485
2064,23.145369982090653,303.82022,5.232453,3.226621,"SSP2-4.5 (""Middle of the Road - Moderate Emissions"")",0.018426152
2065,24.23551060512056,303.97263,5.7256875,3.1123106,"SSP2-4.5 (""Middle of the Road - Moderate Emissions"")",0.018369373
2066,19.012608285735915,303.38034,5.66981,3.1377466,"SSP2-4.5 (""Middle of the Road - Moderate Emissions"")",0.018407479
2067,21.25877588774058,303.71954,5.536259,3.1215658,"SSP2-4.5 (""Middle of the Road - Moderate Emissions"")",0.018325666
2068,25.723632633506195,303.89767,5.401401,3.2449138,"SSP2-4.5 (""Middle of the Road - Moderate Emissions"")",0.018418
2069,22.386891035123902,303.8209,5.560406,3.1510286,"SSP2-4.5 (""Middle of the Road - Moderate Emissions"")",0.01846556
2070,22.398172013438323,303.73654,5.3022513,3.1702034,"SSP2-4.5 (""Middle of the Road - Moderate Emissions"")",0.018458012
2071,23.48948356274486,304.06967,5.217933,3.2106974,"SSP2-4.5 (""Middle of the Road - Moderate Emissions"")",0.018585425
2072,24.200369814460306,304.14996,5.424359,3.1907322,"SSP2-4.5 (""Middle of the Road - Moderate Emissions"")",0.018549735
2073,26.341682386365243,304.05148,5.3459296,3.1956978,"SSP2-4.5 (""Middle of the Road - Moderate Emissions"")",0.01857325
2074,22.04005675534582,303.5916,5.5335994,3.2349775,"SSP2-4.5 (""Middle of the Road - Moderate Emissions"")",0.018502437
2075,23.723149662283117,303.68457,5.4225125,3.2259672,"SSP2-4.5 (""Middle of the Road - Moderate Emissions"")",0.01850672
2076,27.928133545156395,304.2195,5.3579836,3.213372,"SSP2-4.5 (""Middle of the Road - Moderate Emissions"")",0.01855056
2077,22.663080948854954,303.94797,5.2302446,3.1144154,"SSP2-4.5 (""Middle of the Road - Moderate Emissions"")",0.018476041
2078,23.581820950192704,303.71902,5.60108,3.1891587,"SSP2-4.5 (""Middle of the Road - Moderate Emissions"")",0.018513208
2079,25.32557223516364,304.21045,5.3954644,3.180131,"SSP2-4.5 (""Middle of the Road - Moderate Emissions"")",0.01856718
2080,22.780032269232034,304.03824,5.058423,3.2037973,"SSP2-4.5 (""Middle of the Road - Moderate Emissions"")",0.018517243
2081,27.558135974482706,304.31326,5.0495462,3.275693,"SSP2-4.5 (""Middle of the Road - Moderate Emissions"")",0.018671937
2082,27.176011882387854,304.42764,5.362795,3.1704075,"SSP2-4.5 (""Middle of the Road - Moderate Emissions"")",0.018622773
2083,23.867510044667256,304.01456,5.2256193,3.2023475,"SSP2-4.5 (""Middle of the Road - Moderate Emissions"")",0.018647105
2084,26.55097852537756,304.16345,5.1820602,3.2434645,"SSP2-4.5 (""Middle of the Road - Moderate Emissions"")",0.0186515
2085,26.432892001723907,304.32867,5.2736125,3.1605508,"SSP2-4.5 (""Middle of the Road - Moderate Emissions"")",0.018590545
2086,23.191662456330015,303.99738,5.2646766,3.148283,"SSP2-4.5 (""Middle of the Road - Moderate Emissions"")",0.01854036
2087,23.901676810056095,304.26917,5.3248377,3.1654463,"SSP2-4.5 (""Middle of the Road - Moderate Emissions"")",0.018658256
2088,25.794380873375225,304.25763,5.5241785,3.2202203,"SSP2-4.5 (""Middle of the Road - Moderate Emissions"")",0.018632863
2089,24.7571874103155,304.34653,5.487606,3.1945648,"SSP2-4.5 (""Middle of the Road - Moderate Emissions"")",0.018733904
2090,23.735316089373413,304.09622,5.359044,3.171922,"SSP2-4.5 (""Middle of the Road - Moderate Emissions"")",0.018633932
2091,25.981473053375616,304.31476,5.0578527,3.2622235,"SSP2-4.5 (""Middle of the Road - Moderate Emissions"")",0.018620782
2092,24.139145826284444,303.94604,5.3289065,3.28183,"SSP2-4.5 (""Middle of the Road - Moderate Emissions"")",0.018630574
2093,23.733476055212993,304.26743,5.4029837,3.1994028,"SSP2-4.5 (""Middle of the Road - Moderate Emissions"")",0.018721674
2094,25.377928622743514,304.47745,5.3126655,3.1740654,"SSP2-4.5 (""Middle of the Road - Moderate Emissions"")",0.018698102
2095,23.42996366456979,303.98782,5.526635,3.1130536,"SSP2-4.5 (""Middle of the Road - Moderate Emissions"")",0.018635597
2096,24.93833274920258,304.19635,5.507907,3.1954834,"SSP2-4.5 (""Middle of the Road - Moderate Emissions"")",0.018597826
2097,26.49206056126481,304.2329,5.08315,3.2502925,"SSP2-4.5 (""Middle of the Road - Moderate Emissions"")",0.018616812
2098,27.46063041734255,304.26935,5.2330966,3.2432468,"SSP2-4.5 (""Middle of the Road - Moderate Emissions"")",0.018560246
2099,25.9594849522681,304.30978,5.3461647,3.218428,"SSP2-4.5 (""Middle of the Road - Moderate Emissions"")",0.018507818
2100,24.522929260462394,304.3121,5.213944,3.1606686,"SSP2-4.5 (""Middle of the Road - Moderate Emissions"")",0.018638987
2015,18.259324250731545,302.1399,5.4110727,3.107302,"SSP3-7.0 (""Regional Rivalry - High Emissions"")",0.017209385
2016,22.772542561787372,302.53903,5.2432704,3.140179,"SSP3-7.0 (""Regional Rivalry - High Emissions"")",0.017276483
2017,20.13708820888752,302.2774,5.295996,3.1062434,"SSP3-7.0 (""Regional Rivalry - High Emissions"")",0.017276179
2018,19.15642213443662,302.25027,4.9588323,3.137602,"SSP3-7.0 (""Regional Rivalry - High Emissions"")",0.017328624
2019,21.693489898100633,302.60995,4.8444195,3.190092,"SSP3-7.0 (""Regional Rivalry - High Emissions"")",0.01738465
2020,22.90423069099538,302.5624,5.362949,3.065834,"SSP3-7.0 (""Regional Rivalry - High Emissions"")",0.017354172
2021,19.69295751693301,302.2082,5.200447,3.1373994,"SSP3-7.0 (""Regional Rivalry - High Emissions"")",0.017410198
2022,20.758659493492967,302.6963,5.2818456,3.134844,"SSP3-7.0 (""Regional Rivalry - High Emissions"")",0.017501092
2023,19.35548237715066,302.51575,5.002829,3.125289,"SSP3-7.0 (""Regional Rivalry - High Emissions"")",0.017497597
2024,21.60269082826523,302.69693,5.1480675,3.1193247,"SSP3-7.0 (""Regional Rivalry - High Emissions"")",0.017484028
2025,19.902739878114048,302.51538,5.250839,3.0709383,"SSP3-7.0 (""Regional Rivalry - High Emissions"")",0.017503157
2026,21.529954328835338,302.90002,5.0190887,3.0949671,"SSP3-7.0 (""Regional Rivalry - High Emissions"")",0.017559439
2027,22.200326394233947,302.94852,5.172165,3.082485,"SSP3-7.0 (""Regional Rivalry - High Emissions"")",0.017646898
2028,22.817853444018947,302.93112,5.0357604,3.1152346,"SSP3-7.0 (""Regional Rivalry - High Emissions"")",0.017656136
2029,20.689101603571544,302.79684,5.1563487,3.0951078,"SSP3-7.0 (""Regional Rivalry - High Emissions"")",0.017597511
2030,20.067393742635964,302.69907,5.133042,3.090229,"SSP3-7.0 (""Regional Rivalry - High Emissions"")",0.017674718
2031,21.95680336344817,303.06183,5.28346,3.0244884,"SSP3-7.0 (""Regional Rivalry - High Emissions"")",0.017680068
2032,18.958410471419473,302.39102,5.3250427,3.1196184,"SSP3-7.0 (""Regional Rivalry - High Emissions"")",0.017636836
2033,19.49811852213253,302.5606,5.1985373,3.1522872,"SSP3-7.0 (""Regional Rivalry - High Emissions"")",0.017695751
2034,21.906932708846096,303.14474,4.841729,3.0814855,"SSP3-7.0 (""Regional Rivalry - High Emissions"")",0.017707672
2035,20.12318691001706,302.4511,5.1554317,3.1333253,"SSP3-7.0 (""Regional Rivalry - High Emissions"")",0.017720018
2036,18.945013323034054,302.70767,5.5181656,3.0290067,"SSP3-7.0 (""Regional Rivalry - High Emissions"")",0.017791227
2037,20.56457933764055,302.75034,5.214814,3.1338413,"SSP3-7.0 (""Regional Rivalry - High Emissions"")",0.017828252
2038,23.877446162805324,303.09888,4.9298644,3.1802661,"SSP3-7.0 (""Regional Rivalry - High Emissions"")",0.01793434
2039,23.68791781601326,303.22192,5.0207105,3.159689,"SSP3-7.0 (""Regional Rivalry - High Emissions"")",0.017955948
2040,21.718287879192303,303.21582,5.307361,3.1252086,"SSP3-7.0 (""Regional Rivalry - High Emissions"")",0.017996695
2041,21.693757441881225,303.1149,5.125571,3.1744277,"SSP3-7.0 (""Regional Rivalry - High Emissions"")",0.017997384
2042,23.754986478908084,303.0767,5.144752,3.1003983,"SSP3-7.0 (""Regional Rivalry - High Emissions"")",0.017994748
2043,20.30158751622924,302.9055,4.9295235,3.1632078,"SSP3-7.0 (""Regional Rivalry - High Emissions"")",0.017913999
2044,21.31929935650855,303.10394,5.0288286,3.0703478,"SSP3-7.0 (""Regional Rivalry - High Emissions"")",0.018001562
2045,23.548290032926534,303.41968,5.0365005,3.168438,"SSP3-7.0 (""Regional Rivalry - High Emissions"")",0.018009642
2046,22.699134527227283,303.16116,4.969882,3.1375878,"SSP3-7.0 (""Regional Rivalry - High Emissions"")",0.018085157
2047,22.941529545219474,303.48105,5.0994353,3.1535892,"SSP3-7.0 (""Regional Rivalry - High Emissions"")",0.018132841
2048,22.88690143226801,303.38748,5.205435,3.1300294,"SSP3-7.0 (""Regional Rivalry - High Emissions"")",0.018207354
2049,23.374426521559705,303.42694,5.046829,3.1076949,"SSP3-7.0 (""Regional Rivalry - High Emissions"")",0.01819327
2050,21.571134906530617,303.16678,4.907102,3.1681159,"SSP3-7.0 (""Regional Rivalry - High Emissions"")",0.018265594
2051,22.53245649554366,303.54904,4.810974,3.1653354,"SSP3-7.0 (""Regional Rivalry - High Emissions"")",0.01828472
2052,25.345011711499406,303.57043,5.029941,3.1313932,"SSP3-7.0 (""Regional Rivalry - High Emissions"")",0.018250534
2053,22.63355811901041,303.04248,4.970778,3.2016046,"SSP3-7.0 (""Regional Rivalry - High Emissions"")",0.01823366
2054,25.975108040756663,303.83218,4.9135303,3.1598177,"SSP3-7.0 (""Regional Rivalry - High Emissions"")",0.01827171
2055,24.63429791880577,303.5262,4.7574525,3.1402485,"SSP3-7.0 (""Regional Rivalry - High Emissions"")",0.018369136
2056,24.112806686779216,303.4952,4.9764514,3.143037,"SSP3-7.0 (""Regional Rivalry - High Emissions"")",0.01835542
2057,22.864614437404107,303.6861,4.927792,3.175188,"SSP3-7.0 (""Regional Rivalry - High Emissions"")",0.01844683
2058,22.59750395615321,303.76758,5.134541,3.1599503,"SSP3-7.0 (""Regional Rivalry - High Emissions"")",0.018490681
2059,21.962825670286623,303.75034,5.242006,3.1145535,"SSP3-7.0 (""Regional Rivalry - High Emissions"")",0.01853171
2060,23.71317029672214,303.48386,5.0287848,3.1977623,"SSP3-7.0 (""Regional Rivalry - High Emissions"")",0.01852018
2061,23.01776645514159,303.78488,4.7821054,3.1746032,"SSP3-7.0 (""Regional Rivalry - High Emissions"")",0.018656546
2062,28.97295061416323,304.66687,4.8638883,3.1815026,"SSP3-7.0 (""Regional Rivalry - High Emissions"")",0.018580008
2063,23.627050030170434,303.751,4.9285765,3.1507576,"SSP3-7.0 (""Regional Rivalry - High Emissions"")",0.0186762
2064,23.60480355918761,303.87204,5.0116377,3.1620557,"SSP3-7.0 (""Regional Rivalry - High Emissions"")",0.018669102
2065,23.503482106227473,303.92734,5.1138954,3.1410296,"SSP3-7.0 (""Regional Rivalry - High Emissions"")",0.018643966
2066,22.645866589458606,303.5763,4.964438,3.1515267,"SSP3-7.0 (""Regional Rivalry - High Emissions"")",0.018598732
2067,25.466445542173293,303.89014,4.921854,3.205906,"SSP3-7.0 (""Regional Rivalry - High Emissions"")",0.018652039
2068,23.84278219411592,303.85458,5.144961,3.1496985,"SSP3-7.0 (""Regional Rivalry - High Emissions"")",0.018705415
2069,22.6801639980018,303.7055,4.862657,3.1282675,"SSP3-7.0 (""Regional Rivalry - High Emissions"")",0.018836383
2070,27.22033006030942,304.34232,4.9260883,3.194708,"SSP3-7.0 (""Regional Rivalry - High Emissions"")",0.018852329
2071,23.603324209999574,304.12695,5.230822,3.1293366,"SSP3-7.0 (""Regional Rivalry - High Emissions"")",0.018897709
2072,23.253226372530587,304.12323,4.862515,3.1656046,"SSP3-7.0 (""Regional Rivalry - High Emissions"")",0.018852927
2073,23.63131450434737,303.91885,5.0981627,3.199805,"SSP3-7.0 (""Regional Rivalry - High Emissions"")",0.018885229
2074,24.397795732628598,304.19504,5.291195,3.1639948,"SSP3-7.0 (""Regional Rivalry - High Emissions"")",0.018991126
2075,23.868571403606225,304.31693,4.987248,3.1328342,"SSP3-7.0 (""Regional Rivalry - High Emissions"")",0.018916847
2076,25.395686132672715,304.18973,4.943169,3.197176,"SSP3-7.0 (""Regional Rivalry - High Emissions"")",0.01900358
2077,27.26491925413539,304.46423,4.7671475,3.2555141,"SSP3-7.0 (""Regional Rivalry - High Emissions"")",0.019022603
2078,26.33222625992879,304.3954,5.232465,3.2507899,"SSP3-7.0 (""Regional Rivalry - High Emissions"")",0.019131945
2079,25.46692835847052,304.45984,4.8281183,3.1491034,"SSP3-7.0 (""Regional Rivalry - High Emissions"")",0.019171646
2080,26.434877033191952,304.49622,4.93315,3.2313564,"SSP3-7.0 (""Regional Rivalry - High Emissions"")",0.01925329
2081,26.610193764294316,304.88565,4.85545,3.1046298,"SSP3-7.0 (""Regional Rivalry - High Emissions"")",0.019317519
2082,25.72831538758836,304.65848,5.0173182,3.183164,"SSP3-7.0 (""Regional Rivalry - High Emissions"")",0.0192709
2083,23.4416206289114,304.28934,5.1532526,3.1698854,"SSP3-7.0 (""Regional Rivalry - High Emissions"")",0.019307293
2084,25.773720688397184,304.46817,4.911301,3.2461407,"SSP3-7.0 (""Regional Rivalry - High Emissions"")",0.019252868
2085,27.81314315986382,304.78714,4.801626,3.2539833,"SSP3-7.0 (""Regional Rivalry - High Emissions"")",0.019274488
2086,26.545892894084936,304.52707,4.6307583,3.2392273,"SSP3-7.0 (""Regional Rivalry - High Emissions"")",0.019399714
2087,28.016256840563795,305.15143,4.9855957,3.2556531,"SSP3-7.0 (""Regional Rivalry - High Emissions"")",0.01940716
2088,24.458269994014213,304.3735,5.3420043,3.1892335,"SSP3-7.0 (""Regional Rivalry - High Emissions"")",0.019531537
2089,23.30253744979431,304.59363,5.005856,3.2075589,"SSP3-7.0 (""Regional Rivalry - High Emissions"")",0.019544441
2090,28.679103483008696,304.88757,4.920023,3.294549,"SSP3-7.0 (""Regional Rivalry - High Emissions"")",0.019508347
2091,27.243814889270965,304.94498,4.9851193,3.2156293,"SSP3-7.0 (""Regional Rivalry - High Emissions"")",0.019637216
2092,27.76722569814998,304.85565,5.1970563,3.2090323,"SSP3-7.0 (""Regional Rivalry - High Emissions"")",0.01962844
2093,26.367997055462894,304.71158,4.9151397,3.2896433,"SSP3-7.0 (""Regional Rivalry - High Emissions"")",0.019671826
2094,26.37947483281066,304.94775,5.21638,3.2617207,"SSP3-7.0 (""Regional Rivalry - High Emissions"")",0.019705867
2095,27.99350713425896,305.07132,5.014272,3.272544,"SSP3-7.0 (""Regional Rivalry - High Emissions"")",0.019757796
2096,26.139464075413294,304.84857,5.114615,3.1963282,"SSP3-7.0 (""Regional Rivalry - High Emissions"")",0.019732744
2097,25.661777210112945,304.65515,4.983049,3.2238874,"SSP3-7.0 (""Regional Rivalry - High Emissions"")",0.019731708
2098,25.289368924284865,304.6951,5.393935,3.204188,"SSP3-7.0 (""Regional Rivalry - High Emissions"")",0.019826606
2099,25.466787492120325,304.76425,4.9972324,3.255334,"SSP3-7.0 (""Regional Rivalry - High Emissions"")",0.019886566
2100,27.25346294771152,305.10352,4.618597,3.2542803,"SSP3-7.0 (""Regional Rivalry - High Emissions"")",0.019864041
2015,19.28173063128928,301.8002,5.186978,3.1287365,"SSP4-3.4 (""Inequality - Intermediate Emissions"")",0.01716076
2016,24.623264620835453,302.51785,4.8745775,3.1022797,"SSP4-3.4 (""Inequality - Intermediate Emissions"")",0.017256146
2017,21.00802047937733,301.80383,4.7141066,3.2845879,"SSP4-3.4 (""Inequality - Intermediate Emissions"")",0.017330369
2018,21.12010232741838,301.88724,4.8840575,3.1144896,"SSP4-3.4 (""Inequality - Intermediate Emissions"")",0.017325288
2019,28.64609163679794,303.3198,5.131667,2.9733331,"SSP4-3.4 (""Inequality - Intermediate Emissions"")",0.017324222
2020,17.73714580379194,302.33124,5.0886755,3.207668,"SSP4-3.4 (""Inequality - Intermediate Emissions"")",0.017336875
2021,22.58815969082685,302.7213,5.3876677,3.0840034,"SSP4-3.4 (""Inequality - Intermediate Emissions"")",0.017472878
2022,18.957824058728267,302.6912,5.490098,3.0037308,"SSP4-3.4 (""Inequality - Intermediate Emissions"")",0.017640239
2023,20.022160308644015,303.0773,5.7544127,2.9695218,"SSP4-3.4 (""Inequality - Intermediate Emissions"")",0.017675994
2024,21.340310161928564,302.78928,5.295155,3.021796,"SSP4-3.4 (""Inequality - Intermediate Emissions"")",0.01764588
2025,18.733632573213715,302.6104,5.673381,2.9464614,"SSP4-3.4 (""Inequality - Intermediate Emissions"")",0.017828763
2026,14.261373297485452,302.5099,5.500349,3.03732,"SSP4-3.4 (""Inequality - Intermediate Emissions"")",0.017551342
2027,17.461988516040034,302.38455,5.316105,3.208027,"SSP4-3.4 (""Inequality - Intermediate Emissions"")",0.01779669
2028,24.804674175642997,303.4963,5.0212975,3.0697498,"SSP4-3.4 (""Inequality - Intermediate Emissions"")",0.017518515
2029,18.814270587478266,302.53528,5.040249,3.0779617,"SSP4-3.4 (""Inequality - Intermediate Emissions"")",0.017439129
2030,17.852801312211213,302.09534,5.3318787,3.2753305,"SSP4-3.4 (""Inequality - Intermediate Emissions"")",0.017680118
2031,24.623107473398722,303.6144,4.560036,3.0863454,"SSP4-3.4 (""Inequality - Intermediate Emissions"")",0.017840954
2032,18.89754319563252,302.75534,5.7868342,3.093785,"SSP4-3.4 (""Inequality - Intermediate Emissions"")",0.017732514
2033,17.78555377131931,302.57733,5.3684864,3.0234938,"SSP4-3.4 (""Inequality - Intermediate Emissions"")",0.017608894
2034,19.113607808560058,302.77914,6.0565705,3.0779123,"SSP4-3.4 (""Inequality - Intermediate Emissions"")",0.017599484
2035,18.499935871276936,302.35413,5.42089,3.0509593,"SSP4-3.4 (""Inequality - Intermediate Emissions"")",0.017636372
2036,17.97116785474425,302.7336,5.396229,3.022845,"SSP4-3.4 (""Inequality - Intermediate Emissions"")",0.017908292
2037,24.26113375898222,303.0415,5.578879,3.056597,"SSP4-3.4 (""Inequality - Intermediate Emissions"")",0.017788297
2038,18.511364266004556,302.31677,5.5738845,3.114011,"SSP4-3.4 (""Inequality - Intermediate Emissions"")",0.01775988
2039,20.112754035496575,302.9456,5.3326035,3.1993217,"SSP4-3.4 (""Inequality - Intermediate Emissions"")",0.017740155
2040,21.973291882298486,303.13092,5.19562,3.153594,"SSP4-3.4 (""Inequality - Intermediate Emissions"")",0.017883286
2041,19.14005749410524,302.71597,5.7868996,3.0619972,"SSP4-3.4 (""Inequality - Intermediate Emissions"")",0.017968887
2042,18.96111290669553,302.7134,5.0883794,3.1965725,"SSP4-3.4 (""Inequality - Intermediate Emissions"")",0.018046256
2043,17.257087016441098,302.77347,5.8305326,3.082072,"SSP4-3.4 (""Inequality - Intermediate Emissions"")",0.018012304
2044,21.48138807622144,303.1107,5.2124014,3.0898578,"SSP4-3.4 (""Inequality - Intermediate Emissions"")",0.018031
2045,21.90500464474954,303.15762,5.2577934,3.0278165,"SSP4-3.4 (""Inequality - Intermediate Emissions"")",0.017943187
2046,21.83709730620537,303.4663,5.308382,3.0130818,"SSP4-3.4 (""Inequality - Intermediate Emissions"")",0.01807545
2047,26.647084351511754,303.6553,5.2735224,3.1951306,"SSP4-3.4 (""Inequality - Intermediate Emissions"")",0.018294496
2048,21.52604116056995,303.80566,5.2718425,2.9340575,"SSP4-3.4 (""Inequality - Intermediate Emissions"")",0.018142877
2049,17.517431416229716,302.36487,5.7087417,3.2416136,"SSP4-3.4 (""Inequality - Intermediate Emissions"")",0.018020784
2050,19.79675587863044,302.7468,5.7478256,3.144291,"SSP4-3.4 (""Inequality - Intermediate Emissions"")",0.017992903
2051,25.71250975707323,303.76273,5.0629253,3.2212698,"SSP4-3.4 (""Inequality - Intermediate Emissions"")",0.018017905
2052,21.73779714676493,302.8276,5.0466824,3.1744654,"SSP4-3.4 (""Inequality - Intermediate Emissions"")",0.018128326
2053,24.96181599565284,303.50037,5.1613455,3.1346734,"SSP4-3.4 (""Inequality - Intermediate Emissions"")",0.017968794
2054,19.249562925984886,303.14963,5.429191,3.1131544,"SSP4-3.4 (""Inequality - Intermediate Emissions"")",0.01806113
2055,21.802985970456852,302.9249,5.3263874,3.1748006,"SSP4-3.4 (""Inequality - Intermediate Emissions"")",0.017994137
2056,22.442203288655744,302.92615,5.133858,3.1894147,"SSP4-3.4 (""Inequality - Intermediate Emissions"")",0.0181361
2057,29.471664989861253,303.93213,4.625411,3.3131807,"SSP4-3.4 (""Inequality - Intermediate Emissions"")",0.018055359
2058,23.36014402463422,303.4638,4.8906384,3.1734686,"SSP4-3.4 (""Inequality - Intermediate Emissions"")",0.01826266
2059,19.65895280238575,303.47366,5.239303,3.1040637,"SSP4-3.4 (""Inequality - Intermediate Emissions"")",0.018229237
2060,20.285153338606875,303.2941,5.2856736,3.278117,"SSP4-3.4 (""Inequality - Intermediate Emissions"")",0.01832335
2061,29.69107430610623,304.2184,5.3075576,3.1052837,"SSP4-3.4 (""Inequality - Intermediate Emissions"")",0.018155947
2062,18.635950202217316,302.389,5.592232,3.207145,"SSP4-3.4 (""Inequality - Intermediate Emissions"")",0.01791112
2063,19.600278525093366,302.90475,5.3548045,3.3204563,"SSP4-3.4 (""Inequality - Intermediate Emissions"")",0.0180431
2064,26.23974085241513,303.4984,5.2277184,3.279885,"SSP4-3.4 (""Inequality - Intermediate Emissions"")",0.018109724
2065,24.96643864296466,303.5536,4.835649,3.298216,"SSP4-3.4 (""Inequality - Intermediate Emissions"")",0.0182966
2066,19.120251200215673,303.61136,5.957063,3.165027,"SSP4-3.4 (""Inequality - Intermediate Emissions"")",0.01828932
2067,24.833468848771133,304.2526,5.1382494,3.186993,"SSP4-3.4 (""Inequality - Intermediate Emissions"")",0.01839724
2068,23.48298909438059,303.90897,5.2408175,2.999933,"SSP4-3.4 (""Inequality - Intermediate Emissions"")",0.018324899
2069,17.795037990812318,302.68988,5.87627,3.1620567,"SSP4-3.4 (""Inequality - Intermediate Emissions"")",0.01828668
2070,21.230703438412554,303.90878,4.7165017,3.2262142,"SSP4-3.4 (""Inequality - Intermediate Emissions"")",0.018486103
2071,23.49988972165204,303.934,5.2011843,3.3354766,"SSP4-3.4 (""Inequality - Intermediate Emissions"")",0.018454945
2072,21.988470347133127,304.23428,5.2501726,3.123642,"SSP4-3.4 (""Inequality - Intermediate Emissions"")",0.018290661
2073,19.037832651541315,303.29626,5.4787145,3.2649567,"SSP4-3.4 (""Inequality - Intermediate Emissions"")",0.018387323
2074,23.042439031056073,303.97827,4.772832,3.242872,"SSP4-3.4 (""Inequality - Intermediate Emissions"")",0.01834653
2075,30.353888698619777,304.1195,4.137691,3.4942915,"SSP4-3.4 (""Inequality - Intermediate Emissions"")",0.018527165
2076,32.8279359347654,304.64844,4.552788,3.2910326,"SSP4-3.4 (""Inequality - Intermediate Emissions"")",0.018320935
2077,23.91638180890398,303.3383,4.6703067,3.2984068,"SSP4-3.4 (""Inequality - Intermediate Emissions"")",0.01829197
2078,25.206333981568758,304.1721,5.224302,3.2203658,"SSP4-3.4 (""Inequality - Intermediate Emissions"")",0.018393716
2079,22.427613047482172,304.4379,5.410041,3.1071968,"SSP4-3.4 (""Inequality - Intermediate Emissions"")",0.018432962
2080,20.077495713300063,303.48337,5.7492256,3.1516104,"SSP4-3.4 (""Inequality - Intermediate Emissions"")",0.018244741
2081,21.199788010181777,303.29947,4.8275037,3.2737534,"SSP4-3.4 (""Inequality - Intermediate Emissions"")",0.01844319
2082,28.68731712485426,304.5013,4.663703,3.3559883,"SSP4-3.4 (""Inequality - Intermediate Emissions"")",0.01843661
2083,27.35813022998946,303.812,4.691561,3.2851448,"SSP4-3.4 (""Inequality - Intermediate Emissions"")",0.018442186
2084,20.058416197510397,303.98535,5.1290884,3.1906931,"SSP4-3.4 (""Inequality - Intermediate Emissions"")",0.018397916
2085,28.471098153580872,304.35742,5.071116,3.2937415,"SSP4-3.4 (""Inequality - Intermediate Emissions"")",0.018604763
2086,29.76462415043305,305.0087,5.4933686,3.2629185,"SSP4-3.4 (""Inequality - Intermediate Emissions"")",0.018501392
2087,16.915132223137316,303.84637,5.146323,3.0971687,"SSP4-3.4 (""Inequality - Intermediate Emissions"")",0.018423809
2088,25.978939326479438,304.277,5.474646,3.2118785,"SSP4-3.4 (""Inequality - Intermediate Emissions"")",0.01839062
2089,27.492501427723415,304.3268,4.5553074,3.339831,"SSP4-3.4 (""Inequality - Intermediate Emissions"")",0.018388577
2090,26.04243102457216,304.54776,5.6740685,3.1037838,"SSP4-3.4 (""Inequality - Intermediate Emissions"")",0.01847483
2091,23.66888495144288,303.11655,4.61854,3.4656312,"SSP4-3.4 (""Inequality - Intermediate Emissions"")",0.018258082
2092,33.60724547009748,304.42776,4.4518695,3.3114166,"SSP4-3.4 (""Inequality - Intermediate Emissions"")",0.018400582
2093,27.884328045788592,304.31116,5.3542223,3.3053265,"SSP4-3.4 (""Inequality - Intermediate Emissions"")",0.018333534
2094,29.547319451700996,304.3773,4.565736,3.3659675,"SSP4-3.4 (""Inequality - Intermediate Emissions"")",0.018366706
2095,27.722291110933018,304.15503,4.877482,3.378249,"SSP4-3.4 (""Inequality - Intermediate Emissions"")",0.018243568
2096,25.48257286887551,303.85522,4.988217,3.4742782,"SSP4-3.4 (""Inequality - Intermediate Emissions"")",0.018195556
2097,28.04893818339829,304.6229,4.7370467,3.2790844,"SSP4-3.4 (""Inequality - Intermediate Emissions"")",0.018469708
2098,29.848817515072653,304.52783,4.7379184,3.1922913,"SSP4-3.4 (""Inequality - Intermediate Emissions"")",0.018243743
2099,27.70088635989786,303.95865,4.944042,3.3336878,"SSP4-3.4 (""Inequality - Intermediate Emissions"")",0.018430056
2100,27.22346036222586,304.83118,4.9287887,3.102005,"SSP4-3.4 (""Inequality - Intermediate Emissions"")",0.018335639
2015,20.32547912036687,301.46417,5.0992785,3.206852,"SSP4-6.0 (""Inequality - High Emissions"")",0.017067079
2016,22.547442480271535,302.59885,4.4625278,3.118061,"SSP4-6.0 (""Inequality - High Emissions"")",0.017260524
2017,18.957077709501522,302.53262,5.5054865,3.1156204,"SSP4-6.0 (""Inequality - High Emissions"")",0.01727373
2018,19.990689833815214,302.62228,4.9785376,3.0754604,"SSP4-6.0 (""Inequality - High Emissions"")",0.017458877
2019,22.942340007375364,302.8754,5.373014,2.9719656,"SSP4-6.0 (""Inequality - High Emissions"")",0.017236652
2020,17.498269899045834,301.9345,4.8047943,3.0548227,"SSP4-6.0 (""Inequality - High Emissions"")",0.017350225
2021,22.55262088868715,302.8691,5.162004,3.124728,"SSP4-6.0 (""Inequality - High Emissions"")",0.017542792
2022,18.383452854230548,302.21616,4.7666698,3.0934708,"SSP4-6.0 (""Inequality - High Emissions"")",0.017357262
2023,24.282773001693034,302.96222,5.5568686,3.110283,"SSP4-6.0 (""Inequality - High Emissions"")",0.017830526
2024,24.325352701218733,303.03098,4.786272,2.952947,"SSP4-6.0 (""Inequality - High Emissions"")",0.017732246
2025,24.35399152258917,303.02634,4.651817,3.0144424,"SSP4-6.0 (""Inequality - High Emissions"")",0.017550895
2026,21.9005947054844,302.50528,5.345397,3.1787262,"SSP4-6.0 (""Inequality - High Emissions"")",0.017589388
2027,21.499092117450093,302.5629,5.182949,3.1671188,"SSP4-6.0 (""Inequality - High Emissions"")",0.017673686
2028,22.01885611224811,303.0658,5.0085516,3.2892647,"SSP4-6.0 (""Inequality - High Emissions"")",0.017631257
2029,24.102168716444364,303.05222,6.115037,3.090269,"SSP4-6.0 (""Inequality - High Emissions"")",0.017722484
2030,18.801652643006285,302.37756,5.2120495,3.0620196,"SSP4-6.0 (""Inequality - High Emissions"")",0.017695375
2031,20.317932140240615,302.83572,5.2501993,3.162447,"SSP4-6.0 (""Inequality - High Emissions"")",0.017764851
2032,23.081475569176913,303.42725,5.2117367,3.045243,"SSP4-6.0 (""Inequality - High Emissions"")",0.017819325
2033,22.28654962672958,302.8915,4.84348,3.1689727,"SSP4-6.0 (""Inequality - High Emissions"")",0.017930022
2034,29.271832049010293,303.89893,5.0914154,3.047929,"SSP4-6.0 (""Inequality - High Emissions"")",0.017946327
2035,23.90055379564234,303.23953,4.9229393,3.112466,"SSP4-6.0 (""Inequality - High Emissions"")",0.017723652
2036,17.77950646173252,302.11414,4.7339,3.3158047,"SSP4-6.0 (""Inequality - High Emissions"")",0.017891068
2037,20.551747948554567,303.0538,4.864463,3.0083246,"SSP4-6.0 (""Inequality - High Emissions"")",0.017978784
2038,23.64319686532222,303.22366,5.9027944,3.1880672,"SSP4-6.0 (""Inequality - High Emissions"")",0.017852105
2039,14.819678407201721,302.59338,5.9914746,3.035598,"SSP4-6.0 (""Inequality - High Emissions"")",0.018016597
2040,19.154856130598212,302.7168,5.241418,3.0782878,"SSP4-6.0 (""Inequality - High Emissions"")",0.01811193
2041,23.14084197189122,303.2753,5.378588,3.188553,"SSP4-6.0 (""Inequality - High Emissions"")",0.018027471
2042,23.969503504069966,303.70193,5.4921727,3.1690931,"SSP4-6.0 (""Inequality - High Emissions"")",0.018107759
2043,19.665309127479997,303.05167,5.110096,3.0138104,"SSP4-6.0 (""Inequality - High Emissions"")",0.018021362
2044,27.40083453493291,303.434,5.0288916,3.2082062,"SSP4-6.0 (""Inequality - High Emissions"")",0.018135441
2045,20.57835695679775,303.3011,5.4403954,3.0358841,"SSP4-6.0 (""Inequality - High Emissions"")",0.01810343
2046,17.14248533888862,303.12338,5.7420726,2.95718,"SSP4-6.0 (""Inequality - High Emissions"")",0.01825356
2047,23.938121104667278,303.73087,5.7277427,2.9975846,"SSP4-6.0 (""Inequality - High Emissions"")",0.018315194
2048,19.03064831187154,302.54678,5.7667713,3.0391483,"SSP4-6.0 (""Inequality - High Emissions"")",0.018253082
2049,20.461559927215045,302.72156,5.5506797,3.1980135,"SSP4-6.0 (""Inequality - High Emissions"")",0.018126292
2050,24.010690714086895,302.9292,4.756825,3.217736,"SSP4-6.0 (""Inequality - High Emissions"")",0.018141938
2051,27.864339107581618,304.44156,5.2051163,3.047449,"SSP4-6.0 (""Inequality - High Emissions"")",0.018025199
2052,21.391940057584208,303.34256,4.7093525,3.2865932,"SSP4-6.0 (""Inequality - High Emissions"")",0.018151592
2053,23.392816553264918,303.28793,4.674743,3.1807554,"SSP4-6.0 (""Inequality - High Emissions"")",0.01824239
2054,26.716627587190878,304.299,5.4083023,3.0597808,"SSP4-6.0 (""Inequality - High Emissions"")",0.018128762
2055,17.172746881398858,302.39175,5.228272,3.1879425,"SSP4-6.0 (""Inequality - High Emissions"")",0.018085413
2056,17.159873600721422,303.34985,5.2667813,3.0736635,"SSP4-6.0 (""Inequality - High Emissions"")",0.018418692
2057,20.064139378889188,303.83047,5.5723577,3.1060135,"SSP4-6.0 (""Inequality - High Emissions"")",0.0183026
2058,18.118004262361453,303.40073,5.667641,2.9585896,"SSP4-6.0 (""Inequality - High Emissions"")",0.018501641
2059,20.03516393434749,303.68018,5.801693,2.9437044,"SSP4-6.0 (""Inequality - High Emissions"")",0.018380927
2060,18.642502375571816,303.11053,4.898925,3.1174774,"SSP4-6.0 (""Inequality - High Emissions"")",0.018344559
2061,24.043536251428353,303.6366,5.4583406,3.186549,"SSP4-6.0 (""Inequality - High Emissions"")",0.018222522
2062,29.16318577604269,303.92728,5.340225,3.262169,"SSP4-6.0 (""Inequality - High Emissions"")",0.018446742
2063,27.024542698728993,304.30667,4.7606597,3.1196022,"SSP4-6.0 (""Inequality - High Emissions"")",0.018682698
2064,23.18348713408147,303.9191,5.0807834,3.1706345,"SSP4-6.0 (""Inequality - High Emissions"")",0.018654339
2065,25.337705208807336,303.7714,4.473202,3.26634,"SSP4-6.0 (""Inequality - High Emissions"")",0.018627787
2066,28.502503160381316,304.4094,4.9405603,3.3572586,"SSP4-6.0 (""Inequality - High Emissions"")",0.018434433
2067,22.84153369420839,303.86636,5.8528204,2.9131472,"SSP4-6.0 (""Inequality - High Emissions"")",0.018466266
2068,23.179475063113564,304.11096,5.5073485,3.1887226,"SSP4-6.0 (""Inequality - High Emissions"")",0.01853403
2069,19.416554543963183,303.26773,5.9414477,3.0660632,"SSP4-6.0 (""Inequality - High Emissions"")",0.018797928
2070,28.00658622245898,304.30417,5.1185064,3.2385814,"SSP4-6.0 (""Inequality - High Emissions"")",0.018676689
2071,23.85315730304626,304.19247,5.247769,3.1184704,"SSP4-6.0 (""Inequality - High Emissions"")",0.018837824
2072,29.38407174463779,304.5131,4.40684,3.2983592,"SSP4-6.0 (""Inequality - High Emissions"")",0.018826142
2073,24.595081087098798,304.22232,4.6420393,3.216141,"SSP4-6.0 (""Inequality - High Emissions"")",0.01876171
2074,36.23717498421741,305.39453,4.906446,3.3073568,"SSP4-6.0 (""Inequality - High Emissions"")",0.01866429
2075,26.992123018439134,304.1706,4.7584586,3.1326473,"SSP4-6.0 (""Inequality - High Emissions"")",0.018895186
2076,31.56252634543758,304.65686,4.842142,3.31541,"SSP4-6.0 (""Inequality - High Emissions"")",0.018847361
2077,31.891092197764102,305.22763,4.6617966,3.1329727,"SSP4-6.0 (""Inequality - High Emissions"")",0.01892816
2078,27.88573150253793,304.55588,4.9724197,3.1859295,"SSP4-6.0 (""Inequality - High Emissions"")",0.018893974
2079,25.253505581330014,304.1287,5.8866315,3.2389724,"SSP4-6.0 (""Inequality - High Emissions"")",0.018820817
2080,30.44036964746698,303.94034,4.9187436,3.3180616,"SSP4-6.0 (""Inequality - High Emissions"")",0.018792594
2081,24.509436597050403,304.02884,5.4088264,3.1717803,"SSP4-6.0 (""Inequality - High Emissions"")",0.01879218
2082,25.583593865389684,304.65085,4.9771514,3.2017658,"SSP4-6.0 (""Inequality - High Emissions"")",0.018745733
2083,21.469045057866854,303.5842,5.5494194,3.1361732,"SSP4-6.0 (""Inequality - High Emissions"")",0.018874796
2084,23.671681708449334,304.3319,5.382404,3.0835485,"SSP4-6.0 (""Inequality - High Emissions"")",0.019041838
2085,29.53007792320769,304.70398,4.7194657,3.2813728,"SSP4-6.0 (""Inequality - High Emissions"")",0.018716427
2086,26.532407887172962,303.79,5.420836,3.165945,"SSP4-6.0 (""Inequality - High Emissions"")",0.01878362
2087,23.246150287812412,304.25504,6.0465646,3.2016642,"SSP4-6.0 (""Inequality - High Emissions"")",0.019023305
2088,29.190497079865448,305.15146,4.856457,3.2493603,"SSP4-6.0 (""Inequality - High Emissions"")",0.019069767
2089,24.09399113621338,304.69794,4.7303905,3.284797,"SSP4-6.0 (""Inequality - High Emissions"")",0.01921174
2090,24.28685260938498,304.60577,5.8397737,3.2290134,"SSP4-6.0 (""Inequality - High Emissions"")",0.019126454
2091,22.491131487968378,303.84354,4.9714537,3.1749516,"SSP4-6.0 (""Inequality - High Emissions"")",0.01903312
2092,26.735200265411798,304.9737,5.9164376,3.1735656,"SSP4-6.0 (""Inequality - High Emissions"")",0.019027641
2093,23.267733235760033,304.27426,6.098459,3.107478,"SSP4-6.0 (""Inequality - High Emissions"")",0.018945502
2094,20.14761518730431,303.9016,5.549317,3.2859452,"SSP4-6.0 (""Inequality - High Emissions"")",0.019168422
2095,24.061760304082032,304.40622,5.81826,3.071141,"SSP4-6.0 (""Inequality - High Emissions"")",0.01909829
2096,20.243081418181795,304.03094,5.082553,3.2192888,"SSP4-6.0 (""Inequality - High Emissions"")",0.018969225
2097,22.98027456789365,304.2866,4.89145,3.165474,"SSP4-6.0 (""Inequality - High Emissions"")",0.01896607
2098,27.393579188380425,305.0206,5.02128,3.2097683,"SSP4-6.0 (""Inequality - High Emissions"")",0.019162396
2099,25.339150242387877,304.89938,5.8138156,3.0168278,"SSP4-6.0 (""Inequality - High Emissions"")",0.01896734
2100,16.2857105948664,303.87906,5.395265,3.2949188,"SSP4-6.0 (""Inequality - High Emissions"")",0.018950919
2040,17.185716092940723,303.18277,5.3928237,3.2056124,"SSP5-3.4 (""Fossil-Fueled Development - Moderate Emissions"")",0.018300664
2041,22.84519503942385,303.7585,5.2302413,3.084627,"SSP5-3.4 (""Fossil-Fueled Development - Moderate Emissions"")",0.018398724
2042,22.371545605596175,303.46646,5.808462,2.9677422,"SSP5-3.4 (""Fossil-Fueled Development - Moderate Emissions"")",0.018247982
2043,19.020414655375955,302.74783,5.384294,3.2691221,"SSP5-3.4 (""Fossil-Fueled Development - Moderate Emissions"")",0.018238496
2044,24.692917603375093,303.98022,4.540888,3.2546465,"SSP5-3.4 (""Fossil-Fueled Development - Moderate Emissions"")",0.018313458
2045,24.876665770173446,304.0302,4.863303,3.2608187,"SSP5-3.4 (""Fossil-Fueled Development - Moderate Emissions"")",0.018342445
2046,31.292691699863468,303.83878,5.1501384,3.313391,"SSP5-3.4 (""Fossil-Fueled Development - Moderate Emissions"")",0.018376412
2047,27.095723264096506,303.8572,5.2655997,3.1413403,"SSP5-3.4 (""Fossil-Fueled Development - Moderate Emissions"")",0.018377647
2048,19.824609953738996,303.06357,5.940204,3.0401871,"SSP5-3.4 (""Fossil-Fueled Development - Moderate Emissions"")",0.01830347
2049,24.535977542264146,303.88876,5.339623,3.256457,"SSP5-3.4 (""Fossil-Fueled Development - Moderate Emissions"")",0.01848219
2050,22.425491742700682,304.3471,5.5364146,3.054074,"SSP5-3.4 (""Fossil-Fueled Development - Moderate Emissions"")",0.018510915
2051,21.63306937326397,303.59448,5.764559,3.1440842,"SSP5-3.4 (""Fossil-Fueled Development - Moderate Emissions"")",0.018553147
2052,23.776396816799483,304.05896,5.476837,3.1245213,"SSP5-3.4 (""Fossil-Fueled Development - Moderate Emissions"")",0.018631177
2053,20.454932427869466,303.26688,5.9096045,3.09146,"SSP5-3.4 (""Fossil-Fueled Development - Moderate Emissions"")",0.01852079
2054,20.208210871026314,303.29727,5.3950396,3.1510055,"SSP5-3.4 (""Fossil-Fueled Development - Moderate Emissions"")",0.018340524
2055,20.949975658164885,303.7811,5.2029853,3.1827736,"SSP5-3.4 (""Fossil-Fueled Development - Moderate Emissions"")",0.018490834
2056,25.612729466132873,304.1621,5.1258135,3.1339333,"SSP5-3.4 (""Fossil-Fueled Development - Moderate Emissions"")",0.018586438
2057,25.490287627647664,304.43527,5.5283923,3.2137573,"SSP5-3.4 (""Fossil-Fueled Development - Moderate Emissions"")",0.018474549
2058,26.069222285559615,303.55386,5.825967,3.2816725,"SSP5-3.4 (""Fossil-Fueled Development - Moderate Emissions"")",0.018495204
2059,24.412031022041045,304.21902,5.804594,3.13266,"SSP5-3.4 (""Fossil-Fueled Development - Moderate Emissions"")",0.018630592
2060,20.103930892664046,303.5493,6.1358943,3.179182,"SSP5-3.4 (""Fossil-Fueled Development - Moderate Emissions"")",0.018543324
2061,20.340475223919352,303.60864,5.381483,3.0906322,"SSP5-3.4 (""Fossil-Fueled Development - Moderate Emissions"")",0.018426483
2062,25.010529368629527,303.97623,5.4872336,3.2447636,"SSP5-3.4 (""Fossil-Fueled Development - Moderate Emissions"")",0.018422235
2063,25.653774981848034,304.61923,5.997519,3.0796154,"SSP5-3.4 (""Fossil-Fueled Development - Moderate Emissions"")",0.018744871
2064,20.268889779707894,303.74048,5.8269763,3.0590792,"SSP5-3.4 (""Fossil-Fueled Development - Moderate Emissions"")",0.018556418
2065,22.661910173865724,303.45517,5.6738577,3.219738,"SSP5-3.4 (""Fossil-Fueled Development - Moderate Emissions"")",0.01835966
2066,22.432136769618413,303.94626,5.0542035,3.1373117,"SSP5-3.4 (""Fossil-Fueled Development - Moderate Emissions"")",0.018393645
2067,30.010922111852302,304.3521,5.216749,3.3498414,"SSP5-3.4 (""Fossil-Fueled Development - Moderate Emissions"")",0.018526528
2068,24.28640874754614,303.98352,5.3154063,3.075697,"SSP5-3.4 (""Fossil-Fueled Development - Moderate Emissions"")",0.01848529
2069,23.254116517895515,303.5754,5.420788,3.3280456,"SSP5-3.4 (""Fossil-Fueled Development - Moderate Emissions"")",0.018583652
2070,21.247858350868167,303.90506,5.8422356,3.2381642,"SSP5-3.4 (""Fossil-Fueled Development - Moderate Emissions"")",0.018484017
2071,26.91983937689667,304.41797,5.096745,3.1689403,"SSP5-3.4 (""Fossil-Fueled Development - Moderate Emissions"")",0.018571923
2072,22.011663198811604,303.74014,5.6899924,3.2268944,"SSP5-3.4 (""Fossil-Fueled Development - Moderate Emissions"")",0.018621432
2073,25.92265798634911,304.4614,5.375254,3.1192405,"SSP5-3.4 (""Fossil-Fueled Development - Moderate Emissions"")",0.018479308
2074,17.57127933576447,303.80777,5.7556334,3.2291768,"SSP5-3.4 (""Fossil-Fueled Development - Moderate Emissions"")",0.01828911
2075,20.057135169820317,303.40237,5.8145103,3.1485293,"SSP5-3.4 (""Fossil-Fueled Development - Moderate Emissions"")",0.018295059
2076,24.20487143640862,303.99066,5.72267,3.238004,"SSP5-3.4 (""Fossil-Fueled Development - Moderate Emissions"")",0.018233204
2077,19.15980207659042,303.36166,5.923803,3.1453285,"SSP5-3.4 (""Fossil-Fueled Development - Moderate Emissions"")",0.018270472
2078,25.577827461985255,304.1094,5.8950615,3.0949547,"SSP5-3.4 (""Fossil-Fueled Development - Moderate Emissions"")",0.018374486
2079,24.49906261934159,303.8917,5.427311,3.18564,"SSP5-3.4 (""Fossil-Fueled Development - Moderate Emissions"")",0.018461918
2080,25.21699187994105,303.7405,5.2974586,3.457034,"SSP5-3.4 (""Fossil-Fueled Development - Moderate Emissions"")",0.018400049
2081,24.47966872810874,304.2498,5.296405,3.2082405,"SSP5-3.4 (""Fossil-Fueled Development - Moderate Emissions"")",0.01833131
2082,26.876456388688485,303.9606,5.6774297,3.1593506,"SSP5-3.4 (""Fossil-Fueled Development - Moderate Emissions"")",0.018239351
2083,16.79616022604341,303.4519,6.357598,2.9694521,"SSP5-3.4 (""Fossil-Fueled Development - Moderate Emissions"")",0.018192258
2084,17.909389351181762,303.20834,5.6228805,3.154608,"SSP5-3.4 (""Fossil-Fueled Development - Moderate Emissions"")",0.018337188
2085,24.133982363079955,304.27173,5.3259706,3.1581414,"SSP5-3.4 (""Fossil-Fueled Development - Moderate Emissions"")",0.018295875
2086,20.079623870057624,302.55087,6.4492483,3.1238716,"SSP5-3.4 (""Fossil-Fueled Development - Moderate Emissions"")",0.018099798
2087,28.153153890167996,304.40842,5.540492,3.2244475,"SSP5-3.4 (""Fossil-Fueled Development - Moderate Emissions"")",0.018208914
2088,21.1847336981873,303.33844,6.012224,3.2910397,"SSP5-3.4 (""Fossil-Fueled Development - Moderate Emissions"")",0.018174132
2089,21.586881001394893,303.0596,5.522582,3.1810703,"SSP5-3.4 (""Fossil-Fueled Development - Moderate Emissions"")",0.018107295
2090,21.696042476581464,303.83276,5.2087126,3.1383216,"SSP5-3.4 (""Fossil-Fueled Development - Moderate Emissions"")",0.01810809
2091,23.640031329476862,303.59427,5.3409896,3.134383,"SSP5-3.4 (""Fossil-Fueled Development - Moderate Emissions"")",0.01808336
2092,25.52436396079903,304.1153,5.310415,3.180401,"SSP5-3.4 (""Fossil-Fueled Development - Moderate Emissions"")",0.01813477
2093,20.619438787155406,303.79,6.054576,3.0606582,"SSP5-3.4 (""Fossil-Fueled Development - Moderate Emissions"")",0.018048497
2094,21.565519908420107,303.78088,5.5433044,3.169611,"SSP5-3.4 (""Fossil-Fueled Development - Moderate Emissions"")",0.018069075
2095,27.932147619212834,304.2263,5.382314,3.2487078,"SSP5-3.4 (""Fossil-Fueled Development - Moderate Emissions"")",0.018170519
2096,29.435302459359313,304.74164,4.365854,3.22398,"SSP5-3.4 (""Fossil-Fueled Development - Moderate Emissions"")",0.018155742
2097,27.259493925512174,304.337,5.072676,3.1782646,"SSP5-3.4 (""Fossil-Fueled Development - Moderate Emissions"")",0.01798898
2098,26.880445773053566,303.93918,5.0502973,3.2877724,"SSP5-3.4 (""Fossil-Fueled Development - Moderate Emissions"")",0.01785672
2099,21.463086966944388,303.67532,6.0959945,2.9104788,"SSP5-3.4 (""Fossil-Fueled Development - Moderate Emissions"")",0.017838566
2100,17.36909895045617,303.29944,6.0230913,2.994675,"SSP5-3.4 (""Fossil-Fueled Development - Moderate Emissions"")",0.01791065
2015,19.574093766694613,302.1637,5.3151364,3.1912146,"SSP5-8.5 (""Fossil-Fueled Development - High Emissions, No Climate Policy"")",0.017294616
2016,20.67430706684056,302.61548,4.864635,3.0699432,"SSP5-8.5 (""Fossil-Fueled Development - High Emissions, No Climate Policy"")",0.017290024
2017,19.754833570420494,302.15414,5.054775,3.1450083,"SSP5-8.5 (""Fossil-Fueled Development - High Emissions, No Climate Policy"")",0.017259663
2018,22.354905331518143,302.78235,5.0156465,3.1534126,"SSP5-8.5 (""Fossil-Fueled Development - High Emissions, No Climate Policy"")",0.017303152
2019,20.993866560573068,302.7457,4.9577646,3.1133528,"SSP5-8.5 (""Fossil-Fueled Development - High Emissions, No Climate Policy"")",0.01735674
2020,21.70599931548652,302.7857,5.3103576,3.1334984,"SSP5-8.5 (""Fossil-Fueled Development - High Emissions, No Climate Policy"")",0.017436283
2021,21.162357845497908,302.5825,5.2947755,3.1608937,"SSP5-8.5 (""Fossil-Fueled Development - High Emissions, No Climate Policy"")",0.017453572
2022,21.119192668720192,302.53232,5.0959816,3.0786333,"SSP5-8.5 (""Fossil-Fueled Development - High Emissions, No Climate Policy"")",0.017518582
2023,24.588876937492206,302.90323,5.2550282,3.1541631,"SSP5-8.5 (""Fossil-Fueled Development - High Emissions, No Climate Policy"")",0.017575173
2024,22.24423590110865,302.94214,5.1955376,3.1143863,"SSP5-8.5 (""Fossil-Fueled Development - High Emissions, No Climate Policy"")",0.017565263
2025,19.275898815992704,302.82272,5.2312026,3.1056557,"SSP5-8.5 (""Fossil-Fueled Development - High Emissions, No Climate Policy"")",0.017568057
2026,20.917641992352973,302.82858,5.1576443,3.1223109,"SSP5-8.5 (""Fossil-Fueled Development - High Emissions, No Climate Policy"")",0.017634707
2027,21.54759887934421,302.90942,5.502244,3.0817173,"SSP5-8.5 (""Fossil-Fueled Development - High Emissions, No Climate Policy"")",0.017748684
2028,21.32416601294464,302.96365,5.182128,3.0950024,"SSP5-8.5 (""Fossil-Fueled Development - High Emissions, No Climate Policy"")",0.017733566
2029,20.03219192559588,302.70547,5.5915804,3.1994288,"SSP5-8.5 (""Fossil-Fueled Development - High Emissions, No Climate Policy"")",0.017749012
2030,22.857853144000497,303.06277,5.1321325,3.1216667,"SSP5-8.5 (""Fossil-Fueled Development - High Emissions, No Climate Policy"")",0.017751575
2031,23.988403154946244,302.9751,5.339461,3.1969483,"SSP5-8.5 (""Fossil-Fueled Development - High Emissions, No Climate Policy"")",0.017756477
2032,21.48825754123069,303.0421,5.1004515,3.0753586,"SSP5-8.5 (""Fossil-Fueled Development - High Emissions, No Climate Policy"")",0.017810635
2033,24.595159217862413,303.05286,5.144591,3.1871097,"SSP5-8.5 (""Fossil-Fueled Development - High Emissions, No Climate Policy"")",0.017780604
2034,21.3097115774974,302.91028,5.1325717,3.1478183,"SSP5-8.5 (""Fossil-Fueled Development - High Emissions, No Climate Policy"")",0.017901456
2035,24.147575367542842,303.3716,5.187256,3.1621532,"SSP5-8.5 (""Fossil-Fueled Development - High Emissions, No Climate Policy"")",0.01799741
2036,21.1084755802508,303.2401,5.3689666,3.1374052,"SSP5-8.5 (""Fossil-Fueled Development - High Emissions, No Climate Policy"")",0.017946614
2037,22.05080296792005,303.19174,5.3511577,3.1639774,"SSP5-8.5 (""Fossil-Fueled Development - High Emissions, No Climate Policy"")",0.017968578
2038,22.81546833566585,303.33228,5.5027285,3.1123276,"SSP5-8.5 (""Fossil-Fueled Development - High Emissions, No Climate Policy"")",0.017965378
2039,21.676004609336847,303.3021,5.0071063,3.1691265,"SSP5-8.5 (""Fossil-Fueled Development - High Emissions, No Climate Policy"")",0.018096527
2040,24.961580932755293,303.62967,5.1697025,3.1548417,"SSP5-8.5 (""Fossil-Fueled Development - High Emissions, No Climate Policy"")",0.018093728
2041,25.242283280705852,303.65677,5.1762605,3.1596763,"SSP5-8.5 (""Fossil-Fueled Development - High Emissions, No Climate Policy"")",0.01811622
2042,23.4705430326111,303.5433,5.2034273,3.1587257,"SSP5-8.5 (""Fossil-Fueled Development - High Emissions, No Climate Policy"")",0.018153194
2043,23.48491572950824,303.60742,5.373905,3.1990483,"SSP5-8.5 (""Fossil-Fueled Development - High Emissions, No Climate Policy"")",0.018202534
2044,23.00837159988076,303.7488,5.2433004,3.1333625,"SSP5-8.5 (""Fossil-Fueled Development - High Emissions, No Climate Policy"")",0.01832781
2045,23.445691829813665,303.6392,5.197622,3.1748974,"SSP5-8.5 (""Fossil-Fueled Development - High Emissions, No Climate Policy"")",0.018250935
2046,24.555889474989666,303.765,5.5537424,3.2164924,"SSP5-8.5 (""Fossil-Fueled Development - High Emissions, No Climate Policy"")",0.018365355
2047,24.985238727936473,303.76224,5.261907,3.1997378,"SSP5-8.5 (""Fossil-Fueled Development - High Emissions, No Climate Policy"")",0.018380666
2048,21.854371905482044,303.49747,5.481186,3.173544,"SSP5-8.5 (""Fossil-Fueled Development - High Emissions, No Climate Policy"")",0.018340604
2049,20.662296998181787,303.33344,5.697666,3.1252468,"SSP5-8.5 (""Fossil-Fueled Development - High Emissions, No Climate Policy"")",0.018402843
2050,23.73442027125479,303.9254,5.3547206,3.173194,"SSP5-8.5 (""Fossil-Fueled Development - High Emissions, No Climate Policy"")",0.018403193
2051,25.60589387350174,303.90298,5.055484,3.200681,"SSP5-8.5 (""Fossil-Fueled Development - High Emissions, No Climate Policy"")",0.01846038
2052,25.43660075759811,303.9031,5.401779,3.2138882,"SSP5-8.5 (""Fossil-Fueled Development - High Emissions, No Climate Policy"")",0.018591782
2053,26.006955392538377,304.21967,5.252602,3.1630676,"SSP5-8.5 (""Fossil-Fueled Development - High Emissions, No Climate Policy"")",0.01858476
2054,22.368022972199938,303.83426,5.614753,3.0642402,"SSP5-8.5 (""Fossil-Fueled Development - High Emissions, No Climate Policy"")",0.018635476
2055,22.333134006876477,304.1232,5.3423486,3.131964,"SSP5-8.5 (""Fossil-Fueled Development - High Emissions, No Climate Policy"")",0.018639421
2056,23.073209809668924,304.12546,5.4546657,3.2074997,"SSP5-8.5 (""Fossil-Fueled Development - High Emissions, No Climate Policy"")",0.018716788
2057,23.79126327404106,304.2899,5.416348,3.1912,"SSP5-8.5 (""Fossil-Fueled Development - High Emissions, No Climate Policy"")",0.018746538
2058,22.096568724338123,303.9999,5.0230074,3.1841624,"SSP5-8.5 (""Fossil-Fueled Development - High Emissions, No Climate Policy"")",0.018805945
2059,27.507036257128643,304.6973,5.239534,3.1742058,"SSP5-8.5 (""Fossil-Fueled Development - High Emissions, No Climate Policy"")",0.018850245
2060,21.92509641265556,303.95984,5.744439,3.142147,"SSP5-8.5 (""Fossil-Fueled Development - High Emissions, No Climate Policy"")",0.018860867
2061,22.08336017450525,303.69327,5.59023,3.2098787,"SSP5-8.5 (""Fossil-Fueled Development - High Emissions, No Climate Policy"")",0.018884474
2062,25.614311337307168,304.7983,5.2075863,3.1329572,"SSP5-8.5 (""Fossil-Fueled Development - High Emissions, No Climate Policy"")",0.019007387
2063,22.92471069174815,304.03073,5.5056424,3.207589,"SSP5-8.5 (""Fossil-Fueled Development - High Emissions, No Climate Policy"")",0.018936278
2064,25.630139619122165,304.41516,4.96497,3.2441692,"SSP5-8.5 (""Fossil-Fueled Development - High Emissions, No Climate Policy"")",0.0190393
2065,25.81046445351637,304.59238,5.5470705,3.1897185,"SSP5-8.5 (""Fossil-Fueled Development - High Emissions, No Climate Policy"")",0.01901681
2066,24.50609564643327,304.52225,5.523432,3.1808653,"SSP5-8.5 (""Fossil-Fueled Development - High Emissions, No Climate Policy"")",0.019092675
2067,26.098487233731067,304.65967,5.0875516,3.2371082,"SSP5-8.5 (""Fossil-Fueled Development - High Emissions, No Climate Policy"")",0.019175107
2068,26.029833675803417,304.73975,5.3165884,3.29866,"SSP5-8.5 (""Fossil-Fueled Development - High Emissions, No Climate Policy"")",0.019314079
2069,27.321948224415596,304.87595,5.515342,3.2204359,"SSP5-8.5 (""Fossil-Fueled Development - High Emissions, No Climate Policy"")",0.01920876
2070,21.764457701467688,304.42566,5.6825905,3.0972831,"SSP5-8.5 (""Fossil-Fueled Development - High Emissions, No Climate Policy"")",0.019307608
2071,23.568056870432315,304.49417,5.3987713,3.2613037,"SSP5-8.5 (""Fossil-Fueled Development - High Emissions, No Climate Policy"")",0.019310761
2072,26.521340297251488,305.14847,5.405468,3.2644036,"SSP5-8.5 (""Fossil-Fueled Development - High Emissions, No Climate Policy"")",0.019359052
2073,24.24116155538138,304.7913,5.8052382,3.1563854,"SSP5-8.5 (""Fossil-Fueled Development - High Emissions, No Climate Policy"")",0.019501606
2074,25.064867450794193,304.94748,5.479326,3.2326405,"SSP5-8.5 (""Fossil-Fueled Development - High Emissions, No Climate Policy"")",0.019603202
2075,25.79951380889075,304.98965,5.2557807,3.247489,"SSP5-8.5 (""Fossil-Fueled Development - High Emissions, No Climate Policy"")",0.01957095
2076,23.435027551874168,304.7392,5.700324,3.2095423,"SSP5-8.5 (""Fossil-Fueled Development - High Emissions, No Climate Policy"")",0.019649558
2077,25.690297971588723,304.98138,5.3658667,3.2176437,"SSP5-8.5 (""Fossil-Fueled Development - High Emissions, No Climate Policy"")",0.01965951
2078,24.265277300308707,305.17944,5.3262367,3.1846907,"SSP5-8.5 (""Fossil-Fueled Development - High Emissions, No Climate Policy"")",0.019790927
2079,22.412096886436483,304.93167,5.7276635,3.191532,"SSP5-8.5 (""Fossil-Fueled Development - High Emissions, No Climate Policy"")",0.019834287
2080,27.58137751404293,305.34702,5.224255,3.278306,"SSP5-8.5 (""Fossil-Fueled Development - High Emissions, No Climate Policy"")",0.019801168
2081,25.52786774831216,304.97302,5.2112885,3.2657738,"SSP5-8.5 (""Fossil-Fueled Development - High Emissions, No Climate Policy"")",0.019857084
2082,27.679146128136214,305.50388,5.4876747,3.1744578,"SSP5-8.5 (""Fossil-Fueled Development - High Emissions, No Climate Policy"")",0.019965583
2083,25.463389782463832,305.45407,5.12675,3.2460935,"SSP5-8.5 (""Fossil-Fueled Development - High Emissions, No Climate Policy"")",0.020028213
2084,28.110156566030838,305.54257,5.365064,3.3078709,"SSP5-8.5 (""Fossil-Fueled Development - High Emissions, No Climate Policy"")",0.020053709
2085,27.162772645479464,305.46414,5.045309,3.2455835,"SSP5-8.5 (""Fossil-Fueled Development - High Emissions, No Climate Policy"")",0.020087173
2086,29.851183087378345,305.86923,5.2922406,3.2553282,"SSP5-8.5 (""Fossil-Fueled Development - High Emissions, No Climate Policy"")",0.02017499
2087,27.373007627448377,305.58395,5.2855535,3.3305223,"SSP5-8.5 (""Fossil-Fueled Development - High Emissions, No Climate Policy"")",0.020203548
2088,26.65172118328161,305.65634,5.698001,3.204953,"SSP5-8.5 (""Fossil-Fueled Development - High Emissions, No Climate Policy"")",0.020173024
2089,23.988071916404646,305.28818,5.535557,3.2157185,"SSP5-8.5 (""Fossil-Fueled Development - High Emissions, No Climate Policy"")",0.020263767
2090,26.48678121525947,305.8854,5.3242908,3.2013824,"SSP5-8.5 (""Fossil-Fueled Development - High Emissions, No Climate Policy"")",0.020305919
2091,27.736698796848355,305.65588,5.231081,3.311425,"SSP5-8.5 (""Fossil-Fueled Development - High Emissions, No Climate Policy"")",0.020326965
2092,28.514513919008607,305.94412,5.3891907,3.235491,"SSP5-8.5 (""Fossil-Fueled Development - High Emissions, No Climate Policy"")",0.0204942
2093,28.11965261546378,305.88925,5.5771856,3.3122952,"SSP5-8.5 (""Fossil-Fueled Development - High Emissions, No Climate Policy"")",0.020459665
2094,28.198534097951512,306.0064,5.5593667,3.286898,"SSP5-8.5 (""Fossil-Fueled Development - High Emissions, No Climate Policy"")",0.020545233
2095,28.27134116345617,306.14102,5.5735736,3.2557914,"SSP5-8.5 (""Fossil-Fueled Development - High Emissions, No Climate Policy"")",0.020673577
2096,24.884527816358055,305.85678,5.6000986,3.2608223,"SSP5-8.5 (""Fossil-Fueled Development - High Emissions, No Climate Policy"")",0.020664105
2097,27.86557598305075,305.85016,5.0790715,3.3095176,"SSP5-8.5 (""Fossil-Fueled Development - High Emissions, No Climate Policy"")",0.020702282
2098,30.189430194066876,306.3032,5.374314,3.2587318,"SSP5-8.5 (""Fossil-Fueled Development - High Emissions, No Climate Policy"")",0.020689098
2099,27.954001036193777,306.01193,5.061638,3.2720156,"SSP5-8.5 (""Fossil-Fueled Development - High Emissions, No Climate Policy"")",0.020760208
2100,32.37245644076267,306.82272,5.363004,3.3365781,"SSP5-8.5 (""Fossil-Fueled Development - High Emissions, No Climate Policy"")",0.02092621
